[
	{
		"Children" : 6,
		"Name" : 
		{
			"m_Name" : "PlayerComboUI",
			"status" : true
		},
		"Tag" : 
		{
			"m_tag" : "Untagged"
		},
		"Transform" : 
		{
			"m_position" : 
			[
				0.20000000298023224,
				0.0,
				0.0
			],
			"m_rotation" : 
			[
				0.0,
				0.0,
				0.0
			],
			"m_scale" : 
			[
				0.10000000149011612,
				0.10000000149011612,
				1.0
			]
		}
	},
	{
		"Children" : 0,
		"Name" : 
		{
			"m_Name" : "PlayerComboX",
			"status" : true
		},
		"Tag" : 
		{
			"m_tag" : "Untagged"
		},
		"Text" : 
		{
			"m_Color" : 
			[
				0.83499997854232788,
				0.92100000381469727,
				0.90499997138977051
			],
			"m_FontID" : "Bangers",
			"m_Ortho" : true,
			"m_Text" : "x"
		},
		"Transform" : 
		{
			"m_position" : 
			[
				-0.30000001192092896,
				0.34999999403953552,
				0.0
			],
			"m_rotation" : 
			[
				0.0,
				0.0,
				0.0
			],
			"m_scale" : 
			[
				3.0,
				3.0,
				1.0
			]
		}
	},
	{
		"Canvas" : 
		{
			"m_Color" : 
			[
				1.0,
				1.0,
				1.0,
				1.0
			],
			"m_ForceAlpha" : false,
			"m_Ortho" : true,
			"m_SpriteAnimation" : 
			{
				"m_Columns" : 8,
				"m_FrameCounter" : 15.0,
				"m_MaxFrames" : 64,
				"m_Play" : false,
				"m_PlaySpeed" : 1.0,
				"m_Repeat" : false,
				"m_Rows" : 8,
				"m_Tiling" : 
				[
					0.125,
					0.125
				],
				"m_UV_Offset" : 
				[
					0.875,
					0.25
				]
			},
			"m_TexName" : "256_ExportSheet_01.dds"
		},
		"Children" : 0,
		"Name" : 
		{
			"m_Name" : "PlayerComboSmallFire",
			"status" : true
		},
		"Tag" : 
		{
			"m_tag" : "Untagged"
		},
		"Transform" : 
		{
			"m_position" : 
			[
				0.15000000596046448,
				1.1000000238418579,
				0.0
			],
			"m_rotation" : 
			[
				0.0,
				0.0,
				0.0
			],
			"m_scale" : 
			[
				1.0,
				1.0,
				1.0
			]
		}
	},
	{
		"Canvas" : 
		{
			"m_Color" : 
			[
				1.0,
				1.0,
				1.0,
				1.0
			],
			"m_ForceAlpha" : false,
			"m_Ortho" : true,
			"m_SpriteAnimation" : 
			{
				"m_Columns" : 8,
				"m_FrameCounter" : 13.0,
				"m_MaxFrames" : 64,
				"m_Play" : false,
				"m_PlaySpeed" : 1.0,
				"m_Repeat" : false,
				"m_Rows" : 8,
				"m_Tiling" : 
				[
					0.125,
					0.125
				],
				"m_UV_Offset" : 
				[
					0.625,
					0.25
				]
			},
			"m_TexName" : "256_ExportSheet_01.dds"
		},
		"Children" : 0,
		"Name" : 
		{
			"m_Name" : "PlayerComboText",
			"status" : true
		},
		"Tag" : 
		{
			"m_tag" : "Untagged"
		},
		"Transform" : 
		{
			"m_position" : 
			[
				0.0,
				0.0,
				0.0
			],
			"m_rotation" : 
			[
				0.0,
				0.0,
				0.0
			],
			"m_scale" : 
			[
				1.0,
				1.0,
				1.0
			]
		}
	},
	{
		"Children" : 0,
		"Name" : 
		{
			"m_Name" : "PlayerComboNumber",
			"status" : true
		},
		"Tag" : 
		{
			"m_tag" : "Untagged"
		},
		"Text" : 
		{
			"m_Color" : 
			[
				0.83499997854232788,
				0.92100000381469727,
				0.90499997138977051
			],
			"m_FontID" : "Bangers",
			"m_Ortho" : true,
			"m_Text" : "00"
		},
		"Transform" : 
		{
			"m_position" : 
			[
				-0.10000000149011612,
				0.34999999403953552,
				0.0
			],
			"m_rotation" : 
			[
				0.0,
				0.0,
				0.0
			],
			"m_scale" : 
			[
				4.0,
				4.0,
				1.0
			]
		}
	},
	{
		"Canvas" : 
		{
			"m_Color" : 
			[
				1.0,
				1.0,
				1.0,
				1.0
			],
			"m_ForceAlpha" : false,
			"m_Ortho" : true,
			"m_SpriteAnimation" : 
			{
				"m_Columns" : 8,
				"m_FrameCounter" : 14.0,
				"m_MaxFrames" : 64,
				"m_Play" : false,
				"m_PlaySpeed" : 1.0,
				"m_Repeat" : false,
				"m_Rows" : 8,
				"m_Tiling" : 
				[
					0.125,
					0.125
				],
				"m_UV_Offset" : 
				[
					0.75,
					0.25
				]
			},
			"m_TexName" : "256_ExportSheet_01.dds"
		},
		"Children" : 0,
		"Name" : 
		{
			"m_Name" : "PlayerComboBar",
			"status" : true
		},
		"Tag" : 
		{
			"m_tag" : "Untagged"
		},
		"Transform" : 
		{
			"m_position" : 
			[
				-0.34999999403953552,
				-0.34999999403953552,
				0.0
			],
			"m_rotation" : 
			[
				0.0,
				0.0,
				0.0
			],
			"m_scale" : 
			[
				2.0,
				1.0,
				1.0
			]
		}
	},
	{
		"Canvas" : 
		{
			"m_Color" : 
			[
				1.0,
				1.0,
				1.0,
				1.0
			],
			"m_ForceAlpha" : false,
			"m_Ortho" : true,
			"m_SpriteAnimation" : 
			{
				"m_Columns" : 8,
				"m_FrameCounter" : 16.0,
				"m_MaxFrames" : 64,
				"m_Play" : false,
				"m_PlaySpeed" : 1.0,
				"m_Repeat" : false,
				"m_Rows" : 8,
				"m_Tiling" : 
				[
					0.125,
					0.125
				],
				"m_UV_Offset" : 
				[
					0.0,
					0.375
				]
			},
			"m_TexName" : "256_ExportSheet_01.dds"
		},
		"Children" : 0,
		"Name" : 
		{
			"m_Name" : "PlayerComboLargeFire",
			"status" : true
		},
		"Tag" : 
		{
			"m_tag" : "Untagged"
		},
		"Transform" : 
		{
			"m_position" : 
			[
				0.15000000596046448,
				1.1000000238418579,
				0.0
			],
			"m_rotation" : 
			[
				0.0,
				0.0,
				0.0
			],
			"m_scale" : 
			[
				1.0,
				1.0,
				1.0
			]
		}
	}
]