[
	{
		"Children" : 2,
		"Name" : 
		{
			"m_Name" : "EndGameMenu",
			"status" : true
		},
		"Tag" : 
		{
			"m_tag" : "Untagged"
		},
		"Transform" : 
		{
			"m_position" : 
			[
				0.0,
				0.0,
				0.0
			],
			"m_rotation" : 
			[
				0.0,
				0.0,
				0.0
			],
			"m_scale" : 
			[
				1.0,
				1.0,
				1.0
			]
		}
	},
	{
		"BoxCollider" : 
		{
			"centre" : 
			[
				0.0,
				0.0,
				0.0
			],
			"collisionLayer" : "TRIGGERS",
			"extends" : 
			[
				50.0,
				50.0,
				50.0
			],
			"isStatic" : false,
			"isTrigger" : true
		},
		"Children" : 0,
		"Name" : 
		{
			"m_Name" : "EndGameTrigger",
			"status" : true
		},
		"Scripting" : 
		{
			"EndGameMenuTrigger" : false
		},
		"Tag" : 
		{
			"m_tag" : "Untagged"
		},
		"Transform" : 
		{
			"m_position" : 
			[
				0.0,
				0.0,
				-100.0
			],
			"m_rotation" : 
			[
				0.0,
				0.0,
				0.0
			],
			"m_scale" : 
			[
				1.0,
				1.0,
				1.0
			]
		}
	},
	{
		"Children" : 7,
		"Name" : 
		{
			"m_Name" : "EndGameMenuController",
			"status" : true
		},
		"P_Scripting" : 
		{
			"EndGameMenu" : false
		},
		"Tag" : 
		{
			"m_tag" : "Untagged"
		},
		"Transform" : 
		{
			"m_position" : 
			[
				0.0,
				0.0,
				0.0
			],
			"m_rotation" : 
			[
				0.0,
				0.0,
				0.0
			],
			"m_scale" : 
			[
				1.0700000524520874,
				1.0700000524520874,
				1.0
			]
		}
	},
	{
		"Children" : 0,
		"Name" : 
		{
			"m_Name" : "EndScoreText",
			"status" : true
		},
		"Tag" : 
		{
			"m_tag" : "Untagged"
		},
		"Text" : 
		{
			"m_Color" : 
			[
				1.0,
				0.72549021244049072,
				0.0039215688593685627
			],
			"m_FontID" : "Bangers",
			"m_Ortho" : true,
			"m_Text" : "00000000"
		},
		"Transform" : 
		{
			"m_position" : 
			[
				-0.12999999523162842,
				-0.18000000715255737,
				-0.95099997520446777
			],
			"m_rotation" : 
			[
				0.0,
				-0.0,
				0.0
			],
			"m_scale" : 
			[
				0.40000000596046448,
				0.40000000596046448,
				1.0
			]
		}
	},
	{
		"Children" : 3,
		"Name" : 
		{
			"m_Name" : "Evasiveness",
			"status" : true
		},
		"Tag" : 
		{
			"m_tag" : "Untagged"
		},
		"Transform" : 
		{
			"m_position" : 
			[
				0.079999998211860657,
				0.2199999988079071,
				-0.10000000149011612
			],
			"m_rotation" : 
			[
				0.0,
				0.0,
				0.0
			],
			"m_scale" : 
			[
				1.3999999761581421,
				1.3999999761581421,
				1.0
			]
		}
	},
	{
		"Canvas" : 
		{
			"m_Color" : 
			[
				1.0,
				1.0,
				1.0,
				1.0
			],
			"m_ForceAlpha" : false,
			"m_Ortho" : true,
			"m_SpriteAnimation" : 
			{
				"m_Columns" : 8,
				"m_FrameCounter" : 12.0,
				"m_MaxFrames" : 64,
				"m_Play" : false,
				"m_PlaySpeed" : 1.0,
				"m_Repeat" : false,
				"m_Rows" : 8,
				"m_Tiling" : 
				[
					0.125,
					0.125
				],
				"m_UV_Offset" : 
				[
					0.5,
					0.25
				]
			},
			"m_TexName" : "256_ExportSheet_01.dds"
		},
		"Children" : 0,
		"Name" : 
		{
			"m_Name" : "Evasiveness_A",
			"status" : true
		},
		"Tag" : 
		{
			"m_tag" : "Grade"
		},
		"Transform" : 
		{
			"m_position" : 
			[
				-5.9604644775390625e-08,
				0.0,
				7.4505805969238281e-09
			],
			"m_rotation" : 
			[
				0.0,
				-0.0,
				0.0
			],
			"m_scale" : 
			[
				0.12999999523162842,
				0.12999999523162842,
				1.0
			]
		}
	},
	{
		"Canvas" : 
		{
			"m_Color" : 
			[
				1.0,
				1.0,
				1.0,
				1.0
			],
			"m_ForceAlpha" : false,
			"m_Ortho" : true,
			"m_SpriteAnimation" : 
			{
				"m_Columns" : 8,
				"m_FrameCounter" : 10.0,
				"m_MaxFrames" : 64,
				"m_Play" : false,
				"m_PlaySpeed" : 1.0,
				"m_Repeat" : false,
				"m_Rows" : 8,
				"m_Tiling" : 
				[
					0.125,
					0.125
				],
				"m_UV_Offset" : 
				[
					0.25,
					0.25
				]
			},
			"m_TexName" : "256_ExportSheet_01.dds"
		},
		"Children" : 0,
		"Name" : 
		{
			"m_Name" : "Evasiveness_C",
			"status" : true
		},
		"Tag" : 
		{
			"m_tag" : "Grade"
		},
		"Transform" : 
		{
			"m_position" : 
			[
				0.0,
				0.0,
				0.0
			],
			"m_rotation" : 
			[
				0.0,
				-0.0,
				0.0
			],
			"m_scale" : 
			[
				0.12999999523162842,
				0.12999999523162842,
				1.0
			]
		}
	},
	{
		"Canvas" : 
		{
			"m_Color" : 
			[
				1.0,
				1.0,
				1.0,
				1.0
			],
			"m_ForceAlpha" : false,
			"m_Ortho" : true,
			"m_SpriteAnimation" : 
			{
				"m_Columns" : 8,
				"m_FrameCounter" : 11.0,
				"m_MaxFrames" : 64,
				"m_Play" : false,
				"m_PlaySpeed" : 1.0,
				"m_Repeat" : false,
				"m_Rows" : 8,
				"m_Tiling" : 
				[
					0.125,
					0.125
				],
				"m_UV_Offset" : 
				[
					0.375,
					0.25
				]
			},
			"m_TexName" : "256_ExportSheet_01.dds"
		},
		"Children" : 0,
		"Name" : 
		{
			"m_Name" : "Evasiveness_B",
			"status" : true
		},
		"Tag" : 
		{
			"m_tag" : "Grade"
		},
		"Transform" : 
		{
			"m_position" : 
			[
				0.0,
				0.0,
				0.0
			],
			"m_rotation" : 
			[
				0.0,
				-0.0,
				0.0
			],
			"m_scale" : 
			[
				0.12999999523162842,
				0.12999999523162842,
				1.0
			]
		}
	},
	{
		"Canvas" : 
		{
			"m_Color" : 
			[
				1.0,
				1.0,
				1.0,
				1.0
			],
			"m_ForceAlpha" : false,
			"m_Ortho" : true,
			"m_SpriteAnimation" : 
			{
				"m_Columns" : 2,
				"m_FrameCounter" : 0.0,
				"m_MaxFrames" : 4,
				"m_Play" : false,
				"m_PlaySpeed" : 1.0,
				"m_Repeat" : false,
				"m_Rows" : 2,
				"m_Tiling" : 
				[
					0.5,
					0.5
				],
				"m_UV_Offset" : 
				[
					0.0,
					0.5
				]
			},
			"m_TexName" : "2048_ExportSheet_02.dds"
		},
		"Children" : 0,
		"Name" : 
		{
			"m_Name" : "EndGameMenu",
			"status" : true
		},
		"Tag" : 
		{
			"m_tag" : "Untagged"
		},
		"Transform" : 
		{
			"m_position" : 
			[
				0.0,
				0.0,
				-0.95099997520446777
			],
			"m_rotation" : 
			[
				0.0,
				-0.0,
				0.0
			],
			"m_scale" : 
			[
				1.0,
				1.0,
				1.0
			]
		}
	},
	{
		"Children" : 3,
		"Name" : 
		{
			"m_Name" : "Destruction",
			"status" : true
		},
		"Tag" : 
		{
			"m_tag" : "Untagged"
		},
		"Transform" : 
		{
			"m_position" : 
			[
				0.079999998211860657,
				0.34999999403953552,
				-0.10000000149011612
			],
			"m_rotation" : 
			[
				0.0,
				0.0,
				0.0
			],
			"m_scale" : 
			[
				1.3999999761581421,
				1.3999999761581421,
				1.0
			]
		}
	},
	{
		"Canvas" : 
		{
			"m_Color" : 
			[
				1.0,
				1.0,
				1.0,
				1.0
			],
			"m_ForceAlpha" : false,
			"m_Ortho" : true,
			"m_SpriteAnimation" : 
			{
				"m_Columns" : 8,
				"m_FrameCounter" : 12.0,
				"m_MaxFrames" : 64,
				"m_Play" : false,
				"m_PlaySpeed" : 1.0,
				"m_Repeat" : false,
				"m_Rows" : 8,
				"m_Tiling" : 
				[
					0.125,
					0.125
				],
				"m_UV_Offset" : 
				[
					0.5,
					0.25
				]
			},
			"m_TexName" : "256_ExportSheet_01.dds"
		},
		"Children" : 0,
		"Name" : 
		{
			"m_Name" : "Destruction_A",
			"status" : true
		},
		"Tag" : 
		{
			"m_tag" : "Grade"
		},
		"Transform" : 
		{
			"m_position" : 
			[
				0.0,
				0.0,
				0.0
			],
			"m_rotation" : 
			[
				0.0,
				-0.0,
				0.0
			],
			"m_scale" : 
			[
				0.12999999523162842,
				0.12999999523162842,
				1.0
			]
		}
	},
	{
		"Canvas" : 
		{
			"m_Color" : 
			[
				1.0,
				1.0,
				1.0,
				1.0
			],
			"m_ForceAlpha" : false,
			"m_Ortho" : true,
			"m_SpriteAnimation" : 
			{
				"m_Columns" : 8,
				"m_FrameCounter" : 11.0,
				"m_MaxFrames" : 64,
				"m_Play" : false,
				"m_PlaySpeed" : 1.0,
				"m_Repeat" : false,
				"m_Rows" : 8,
				"m_Tiling" : 
				[
					0.125,
					0.125
				],
				"m_UV_Offset" : 
				[
					0.375,
					0.25
				]
			},
			"m_TexName" : "256_ExportSheet_01.dds"
		},
		"Children" : 0,
		"Name" : 
		{
			"m_Name" : "Destruction_B",
			"status" : true
		},
		"Tag" : 
		{
			"m_tag" : "Grade"
		},
		"Transform" : 
		{
			"m_position" : 
			[
				0.0,
				0.0,
				0.0
			],
			"m_rotation" : 
			[
				0.0,
				-0.0,
				0.0
			],
			"m_scale" : 
			[
				0.12999999523162842,
				0.12999999523162842,
				1.0
			]
		}
	},
	{
		"Canvas" : 
		{
			"m_Color" : 
			[
				1.0,
				1.0,
				1.0,
				1.0
			],
			"m_ForceAlpha" : false,
			"m_Ortho" : true,
			"m_SpriteAnimation" : 
			{
				"m_Columns" : 8,
				"m_FrameCounter" : 10.0,
				"m_MaxFrames" : 64,
				"m_Play" : false,
				"m_PlaySpeed" : 1.0,
				"m_Repeat" : false,
				"m_Rows" : 8,
				"m_Tiling" : 
				[
					0.125,
					0.125
				],
				"m_UV_Offset" : 
				[
					0.25,
					0.25
				]
			},
			"m_TexName" : "256_ExportSheet_01.dds"
		},
		"Children" : 0,
		"Name" : 
		{
			"m_Name" : "Destruction_C",
			"status" : true
		},
		"Tag" : 
		{
			"m_tag" : "Grade"
		},
		"Transform" : 
		{
			"m_position" : 
			[
				0.0,
				0.0,
				0.0
			],
			"m_rotation" : 
			[
				0.0,
				-0.0,
				0.0
			],
			"m_scale" : 
			[
				0.12999999523162842,
				0.12999999523162842,
				1.0
			]
		}
	},
	{
		"Children" : 3,
		"Name" : 
		{
			"m_Name" : "Collectibles",
			"status" : true
		},
		"Tag" : 
		{
			"m_tag" : "Untagged"
		},
		"Transform" : 
		{
			"m_position" : 
			[
				0.079999998211860657,
				0.090000003576278687,
				-0.10000000149011612
			],
			"m_rotation" : 
			[
				0.0,
				0.0,
				0.0
			],
			"m_scale" : 
			[
				1.3999999761581421,
				1.3999999761581421,
				1.0
			]
		}
	},
	{
		"Canvas" : 
		{
			"m_Color" : 
			[
				1.0,
				1.0,
				1.0,
				1.0
			],
			"m_ForceAlpha" : false,
			"m_Ortho" : true,
			"m_SpriteAnimation" : 
			{
				"m_Columns" : 8,
				"m_FrameCounter" : 11.0,
				"m_MaxFrames" : 64,
				"m_Play" : false,
				"m_PlaySpeed" : 1.0,
				"m_Repeat" : false,
				"m_Rows" : 8,
				"m_Tiling" : 
				[
					0.125,
					0.125
				],
				"m_UV_Offset" : 
				[
					0.375,
					0.25
				]
			},
			"m_TexName" : "256_ExportSheet_01.dds"
		},
		"Children" : 0,
		"Name" : 
		{
			"m_Name" : "Collectibles_B",
			"status" : true
		},
		"Tag" : 
		{
			"m_tag" : "Grade"
		},
		"Transform" : 
		{
			"m_position" : 
			[
				0.0,
				0.0,
				0.0
			],
			"m_rotation" : 
			[
				0.0,
				-0.0,
				0.0
			],
			"m_scale" : 
			[
				0.12999999523162842,
				0.12999999523162842,
				1.0
			]
		}
	},
	{
		"Canvas" : 
		{
			"m_Color" : 
			[
				1.0,
				1.0,
				1.0,
				1.0
			],
			"m_ForceAlpha" : false,
			"m_Ortho" : true,
			"m_SpriteAnimation" : 
			{
				"m_Columns" : 8,
				"m_FrameCounter" : 10.0,
				"m_MaxFrames" : 64,
				"m_Play" : false,
				"m_PlaySpeed" : 1.0,
				"m_Repeat" : false,
				"m_Rows" : 8,
				"m_Tiling" : 
				[
					0.125,
					0.125
				],
				"m_UV_Offset" : 
				[
					0.25,
					0.25
				]
			},
			"m_TexName" : "256_ExportSheet_01.dds"
		},
		"Children" : 0,
		"Name" : 
		{
			"m_Name" : "Collectibles_C",
			"status" : true
		},
		"Tag" : 
		{
			"m_tag" : "Grade"
		},
		"Transform" : 
		{
			"m_position" : 
			[
				0.0,
				0.0,
				0.0
			],
			"m_rotation" : 
			[
				0.0,
				-0.0,
				0.0
			],
			"m_scale" : 
			[
				0.12999999523162842,
				0.12999999523162842,
				1.0
			]
		}
	},
	{
		"Canvas" : 
		{
			"m_Color" : 
			[
				1.0,
				1.0,
				1.0,
				1.0
			],
			"m_ForceAlpha" : false,
			"m_Ortho" : true,
			"m_SpriteAnimation" : 
			{
				"m_Columns" : 8,
				"m_FrameCounter" : 12.0,
				"m_MaxFrames" : 64,
				"m_Play" : false,
				"m_PlaySpeed" : 1.0,
				"m_Repeat" : false,
				"m_Rows" : 8,
				"m_Tiling" : 
				[
					0.125,
					0.125
				],
				"m_UV_Offset" : 
				[
					0.5,
					0.25
				]
			},
			"m_TexName" : "256_ExportSheet_01.dds"
		},
		"Children" : 0,
		"Name" : 
		{
			"m_Name" : "Collectibles_A",
			"status" : true
		},
		"Tag" : 
		{
			"m_tag" : "Grade"
		},
		"Transform" : 
		{
			"m_position" : 
			[
				0.0,
				0.0,
				0.0
			],
			"m_rotation" : 
			[
				0.0,
				-0.0,
				0.0
			],
			"m_scale" : 
			[
				0.12999999523162842,
				0.12999999523162842,
				1.0
			]
		}
	},
	{
		"Children" : 3,
		"Name" : 
		{
			"m_Name" : "Medals",
			"status" : true
		},
		"Tag" : 
		{
			"m_tag" : "Untagged"
		},
		"Transform" : 
		{
			"m_position" : 
			[
				0.17000000178813934,
				-0.20000000298023224,
				0.0
			],
			"m_rotation" : 
			[
				0.0,
				0.0,
				0.0
			],
			"m_scale" : 
			[
				1.0,
				1.0,
				1.0
			]
		}
	},
	{
		"Canvas" : 
		{
			"m_Color" : 
			[
				1.0,
				1.0,
				1.0,
				1.0
			],
			"m_ForceAlpha" : false,
			"m_Ortho" : true,
			"m_SpriteAnimation" : 
			{
				"m_Columns" : 8,
				"m_FrameCounter" : 30.0,
				"m_MaxFrames" : 64,
				"m_Play" : false,
				"m_PlaySpeed" : 1.0,
				"m_Repeat" : false,
				"m_Rows" : 8,
				"m_Tiling" : 
				[
					0.125,
					0.125
				],
				"m_UV_Offset" : 
				[
					0.75,
					0.5
				]
			},
			"m_TexName" : "512_ExportSheet_01.dds"
		},
		"Children" : 0,
		"Name" : 
		{
			"m_Name" : "Medal_Gold",
			"status" : true
		},
		"Tag" : 
		{
			"m_tag" : "Untagged"
		},
		"Transform" : 
		{
			"m_position" : 
			[
				0.0,
				0.0,
				0.0
			],
			"m_rotation" : 
			[
				0.0,
				0.0,
				0.0
			],
			"m_scale" : 
			[
				0.20000000298023224,
				0.20000000298023224,
				1.0
			]
		}
	},
	{
		"Canvas" : 
		{
			"m_Color" : 
			[
				1.0,
				1.0,
				1.0,
				1.0
			],
			"m_ForceAlpha" : false,
			"m_Ortho" : true,
			"m_SpriteAnimation" : 
			{
				"m_Columns" : 8,
				"m_FrameCounter" : 29.0,
				"m_MaxFrames" : 64,
				"m_Play" : false,
				"m_PlaySpeed" : 1.0,
				"m_Repeat" : false,
				"m_Rows" : 8,
				"m_Tiling" : 
				[
					0.125,
					0.125
				],
				"m_UV_Offset" : 
				[
					0.625,
					0.5
				]
			},
			"m_TexName" : "512_ExportSheet_01.dds"
		},
		"Children" : 0,
		"Name" : 
		{
			"m_Name" : "Medal_Silver",
			"status" : true
		},
		"Tag" : 
		{
			"m_tag" : "Untagged"
		},
		"Transform" : 
		{
			"m_position" : 
			[
				0.0,
				0.0,
				0.0
			],
			"m_rotation" : 
			[
				0.0,
				0.0,
				0.0
			],
			"m_scale" : 
			[
				0.20000000298023224,
				0.20000000298023224,
				0.99999994039535522
			]
		}
	},
	{
		"Canvas" : 
		{
			"m_Color" : 
			[
				1.0,
				1.0,
				1.0,
				1.0
			],
			"m_ForceAlpha" : false,
			"m_Ortho" : true,
			"m_SpriteAnimation" : 
			{
				"m_Columns" : 8,
				"m_FrameCounter" : 28.0,
				"m_MaxFrames" : 64,
				"m_Play" : false,
				"m_PlaySpeed" : 1.0,
				"m_Repeat" : false,
				"m_Rows" : 8,
				"m_Tiling" : 
				[
					0.125,
					0.125
				],
				"m_UV_Offset" : 
				[
					0.5,
					0.5
				]
			},
			"m_TexName" : "512_ExportSheet_01.dds"
		},
		"Children" : 0,
		"Name" : 
		{
			"m_Name" : "Medal_Bronze",
			"status" : true
		},
		"Tag" : 
		{
			"m_tag" : "Untagged"
		},
		"Transform" : 
		{
			"m_position" : 
			[
				0.0,
				0.0,
				0.0
			],
			"m_rotation" : 
			[
				0.0,
				0.0,
				0.0
			],
			"m_scale" : 
			[
				0.20000000298023224,
				0.20000000298023224,
				0.99999988079071045
			]
		}
	},
	{
		"Canvas" : 
		{
			"m_Color" : 
			[
				1.0,
				1.0,
				1.0,
				1.0
			],
			"m_ForceAlpha" : false,
			"m_Ortho" : true,
			"m_SpriteAnimation" : 
			{
				"m_Columns" : 4,
				"m_FrameCounter" : 5.0,
				"m_MaxFrames" : 16,
				"m_Play" : false,
				"m_PlaySpeed" : 1.0,
				"m_Repeat" : false,
				"m_Rows" : 4,
				"m_Tiling" : 
				[
					0.25,
					0.25
				],
				"m_UV_Offset" : 
				[
					0.25,
					0.5
				]
			},
			"m_TexName" : "1024_ExportSheet_01.dds"
		},
		"Children" : 0,
		"Name" : 
		{
			"m_Name" : "EndContinue",
			"status" : true
		},
		"Tag" : 
		{
			"m_tag" : "Untagged"
		},
		"Transform" : 
		{
			"m_position" : 
			[
				-0.039999999105930328,
				-0.30000001192092896,
				0.0
			],
			"m_rotation" : 
			[
				0.0,
				-0.0,
				0.0
			],
			"m_scale" : 
			[
				0.34999999403953552,
				0.34999999403953552,
				1.0
			]
		}
	}
]