[
	{
		"Name" : 
		{
			"m_Name" : "Height Map Debugger"
		},
		"Render" : 
		{
			"ColorTint" : 
			[
				0.83499997854232788,
				0.92100000381469727,
				0.90499997138977051
			],
			"EmissiveTint" : 
			[
				1.0,
				1.0,
				1.0
			],
			"RenderModel" : 
			[
				"sphere",
				"Resources/Models\\sphere",
				"Sphere001"
			],
			"UseLight" : 1
		},
		"SphereCollider" : 
		{
			"centre" : 
			[
				0.0,
				0.0,
				0.0
			],
			"collisionLayer" : "DEFAULT",
			"isTrigger" : false,
			"radius" : 1.0
		},
		"Tag" : 
		{
			"m_tag" : "Untagged"
		},
		"Transform" : 
		{
			"m_position" : 
			[
				-5.0,
				-7.8493309020996094,
				-10.0
			],
			"m_rotation" : 
			[
				0.0,
				0.0,
				0.0
			],
			"m_scale" : 
			[
				2.0,
				2.0,
				2.0
			]
		}
	},
	{
		"BoxCollider" : 
		{
			"centre" : 
			[
				0.0,
				0.0,
				0.0
			],
			"collisionLayer" : "DEFAULT",
			"extends" : 
			[
				0.10000000149011612,
				0.10000000149011612,
				0.10000000149011612
			],
			"isTrigger" : false
		},
		"Name" : 
		{
			"m_Name" : "Floor"
		},
		"Tag" : 
		{
			"m_tag" : "Untagged"
		},
		"Transform" : 
		{
			"m_position" : 
			[
				0.0,
				-10.0,
				0.0
			],
			"m_rotation" : 
			[
				0.0,
				0.0,
				0.0
			],
			"m_scale" : 
			[
				210.0,
				30.0,
				210.0
			]
		}
	},
	{
		"BoxCollider" : 
		{
			"centre" : 
			[
				0.0,
				0.0,
				0.0
			],
			"collisionLayer" : "DEFAULT",
			"extends" : 
			[
				1.0,
				1.0,
				1.0
			],
			"isTrigger" : false
		},
		"Name" : 
		{
			"m_Name" : "Ship"
		},
		"ParticleSystem" : 
		{
			"_EmitterType" : "CONE",
			"m_BillboardAxis" : 
			[
				1.0,
				1.0,
				1.0
			],
			"m_Color" : 
			[
				1.0,
				1.0,
				1.0,
				1.0
			],
			"m_ConeRadiusMax" : 4.1999998092651367,
			"m_ConeRadiusMin" : 3.5,
			"m_Delay" : 0.41999998688697815,
			"m_FollowParent" : true,
			"m_Force" : 
			[
				0.0,
				0.0,
				0.0
			],
			"m_Loop" : true,
			"m_MaxLife" : 1.0,
			"m_MinLife" : 1.0,
			"m_Play" : false,
			"m_RandomRotate" : false,
			"m_Scale" : 
			{
				"m_CurveMax" : 5.0,
				"m_CurveMin" : 0.20000000298023224,
				"m_CurvePoints" : 
				[
					[
						0.0,
						0.0
					],
					[
						0.8712540864944458,
						0.19921875
					],
					[
						1.0,
						1.0
					],
					[
						-1.0,
						1.0
					],
					[
						-1.0,
						1.0
					],
					[
						-1.0,
						1.0
					],
					[
						-1.0,
						1.0
					],
					[
						-1.0,
						1.0
					]
				],
				"m_MultiplierMax" : 1.0,
				"m_MultiplierMin" : 1.0
			},
			"m_SpawnCount" : 1,
			"m_SpawnDirection" : 
			[
				0.0,
				1.0,
				0.0
			],
			"m_SpawnRadius" : 1.0,
			"m_Speed" : 
			{
				"m_CurveMax" : 10.0,
				"m_CurveMin" : 10.0,
				"m_CurvePoints" : 
				[
					[
						0.0,
						1.0
					],
					[
						0.1428571492433548,
						1.0
					],
					[
						0.28571429848670959,
						1.0
					],
					[
						0.42857146263122559,
						1.0
					],
					[
						0.57142859697341919,
						1.0
					],
					[
						0.71428573131561279,
						1.0
					],
					[
						0.85714292526245117,
						1.0
					],
					[
						1.0,
						1.0
					]
				],
				"m_MultiplierMax" : 1.0,
				"m_MultiplierMin" : 1.0
			},
			"m_SubDelay" : 0.0099999997764825821,
			"m_SubSpawnCount" : 20,
			"m_TargetConeScale" : 1.0499999523162842,
			"m_TexName" : "mud_rough.dds",
			"m_Trail" : true
		},
		"Render" : 
		{
			"ColorTint" : 
			[
				1.0,
				1.0,
				1.0
			],
			"EmissiveTint" : 
			[
				1.0,
				1.0,
				1.0
			],
			"RenderModel" : 
			[
				"Player_Ship",
				"Resources/Models\\Ship",
				"Player_Ship_Base"
			],
			"UseLight" : 1
		},
		"Rigidbody" : 
		{
			"isKinematic" : false,
			"mass" : 10.0,
			"useGravity" : false
		},
		"Tag" : 
		{
			"m_tag" : "Untagged"
		},
		"Transform" : 
		{
			"m_position" : 
			[
				15.0,
				15.0,
				10.0
			],
			"m_rotation" : 
			[
				0.0,
				-0.0,
				0.0
			],
			"m_scale" : 
			[
				1.0,
				1.0,
				1.0
			]
		}
	},
	{
		"BoxCollider" : 
		{
			"centre" : 
			[
				0.0,
				0.0,
				0.0
			],
			"collisionLayer" : "DEFAULT",
			"extends" : 
			[
				1.0,
				1.0,
				1.0
			],
			"isTrigger" : false
		},
		"Children" : 3,
		"Name" : 
		{
			"m_Name" : "Enemy"
		},
		"Render" : 
		{
			"ColorTint" : 
			[
				1.0,
				1.0,
				1.0
			],
			"EmissiveTint" : 
			[
				1.0,
				1.0,
				1.0
			],
			"RenderModel" : 
			[
				"Enemy_01",
				"Resources/Models\\Enemy",
				"Enemy_01_Base"
			],
			"UseLight" : 1
		},
		"Rigidbody" : 
		{
			"isKinematic" : false,
			"mass" : 10.0,
			"useGravity" : false
		},
		"Tag" : 
		{
			"m_tag" : "Untagged"
		},
		"Transform" : 
		{
			"m_position" : 
			[
				7.5,
				7.5,
				10.0
			],
			"m_rotation" : 
			[
				0.0,
				0.0,
				0.0
			],
			"m_scale" : 
			[
				1.0,
				1.0,
				1.0
			]
		}
	},
	{
		"Children" : 2,
		"Name" : 
		{
			"m_Name" : "Gun_Horizontal_Pivot"
		},
		"Render" : 
		{
			"ColorTint" : 
			[
				1.0,
				1.0,
				1.0
			],
			"EmissiveTint" : 
			[
				1.0,
				1.0,
				1.0
			],
			"RenderModel" : 
			[
				"Enemy_01",
				"Resources/Models\\Enemy",
				"Gun_Horizontal_Pivot"
			],
			"UseLight" : 1
		},
		"Tag" : 
		{
			"m_tag" : "Untagged"
		},
		"Transform" : 
		{
			"m_position" : 
			[
				0.0,
				-0.46447297930717468,
				8.9406967163085938e-08
			],
			"m_rotation" : 
			[
				0.0,
				0.0,
				0.0
			],
			"m_scale" : 
			[
				1.0,
				1.0,
				1.0
			]
		}
	},
	{
		"Children" : 0,
		"Name" : 
		{
			"m_Name" : "Alien_Arms"
		},
		"Render" : 
		{
			"ColorTint" : 
			[
				1.0,
				1.0,
				1.0
			],
			"EmissiveTint" : 
			[
				1.0,
				1.0,
				1.0
			],
			"RenderModel" : 
			[
				"Enemy_01",
				"Resources/Models\\Enemy",
				"Alien_Arms"
			],
			"UseLight" : 1
		},
		"Tag" : 
		{
			"m_tag" : "Untagged"
		},
		"Transform" : 
		{
			"m_position" : 
			[
				0.3621978759765625,
				0.61234676837921143,
				0.14358344674110413
			],
			"m_rotation" : 
			[
				0.0,
				0.0,
				0.0
			],
			"m_scale" : 
			[
				1.0,
				1.0,
				1.0
			]
		}
	},
	{
		"Children" : 0,
		"Name" : 
		{
			"m_Name" : "Gun_Vertical_Pivot"
		},
		"Render" : 
		{
			"ColorTint" : 
			[
				1.0,
				1.0,
				1.0
			],
			"EmissiveTint" : 
			[
				1.0,
				1.0,
				1.0
			],
			"RenderModel" : 
			[
				"Enemy_01",
				"Resources/Models\\Enemy",
				"Gun_Vertical_Pivot"
			],
			"UseLight" : 1
		},
		"Tag" : 
		{
			"m_tag" : "Untagged"
		},
		"Transform" : 
		{
			"m_position" : 
			[
				0.0,
				0.29326397180557251,
				0.91790628433227539
			],
			"m_rotation" : 
			[
				0.0,
				0.0,
				0.0
			],
			"m_scale" : 
			[
				1.0,
				1.0,
				1.0
			]
		}
	},
	{
		"Children" : 0,
		"Name" : 
		{
			"m_Name" : "Exhaust_Main"
		},
		"Render" : 
		{
			"ColorTint" : 
			[
				1.0,
				1.0,
				1.0
			],
			"EmissiveTint" : 
			[
				1.0,
				1.0,
				1.0
			],
			"RenderModel" : 
			[
				"Enemy_01",
				"Resources/Models\\Enemy",
				"Exhaust_Main"
			],
			"UseLight" : 1
		},
		"Tag" : 
		{
			"m_tag" : "Untagged"
		},
		"Transform" : 
		{
			"m_position" : 
			[
				0.0,
				-0.54856747388839722,
				-0.3352811336517334
			],
			"m_rotation" : 
			[
				0.0,
				0.0,
				0.0
			],
			"m_scale" : 
			[
				1.0,
				1.0,
				1.0
			]
		}
	},
	{
		"Children" : 0,
		"Name" : 
		{
			"m_Name" : "Spinning_Disk"
		},
		"Render" : 
		{
			"ColorTint" : 
			[
				1.0,
				1.0,
				1.0
			],
			"EmissiveTint" : 
			[
				1.0,
				1.0,
				1.0
			],
			"RenderModel" : 
			[
				"Enemy_01",
				"Resources/Models\\Enemy",
				"Spinning_Disk"
			],
			"UseLight" : 1
		},
		"Tag" : 
		{
			"m_tag" : "Untagged"
		},
		"Transform" : 
		{
			"m_position" : 
			[
				0.0,
				-0.95851993560791016,
				0.0
			],
			"m_rotation" : 
			[
				0.0,
				0.0,
				0.0
			],
			"m_scale" : 
			[
				1.0,
				1.0,
				1.0
			]
		}
	},
	{
		"Directional_Light" : 
		{
			"m_Color" : 
			[
				0.20000000298023224,
				0.20000000298023224,
				0.15000000596046448
			],
			"m_Diffuse" : 0.41999998688697815,
			"m_Direction" : 
			[
				-0.28734788298606873,
				-0.57469576597213745,
				-0.76626098155975342
			],
			"m_Intensity" : 13.0,
			"m_Specular" : 0.68999999761581421
		},
		"Name" : 
		{
			"m_Name" : "Directional Light"
		},
		"Render" : 
		{
			"ColorTint" : 
			[
				0.20000000298023224,
				0.20000000298023224,
				0.15000000596046448
			],
			"EmissiveTint" : 
			[
				1.0,
				1.0,
				1.0
			],
			"RenderModel" : 
			[
				"sphere",
				"Resources/Models\\sphere",
				"Sphere001"
			],
			"UseLight" : 0
		},
		"Tag" : 
		{
			"m_tag" : "Untagged"
		},
		"Transform" : 
		{
			"m_position" : 
			[
				7.5,
				15.0,
				20.0
			],
			"m_rotation" : 
			[
				0.0,
				0.0,
				0.0
			],
			"m_scale" : 
			[
				1.0,
				1.0,
				1.0
			]
		}
	},
	{
		"Name" : 
		{
			"m_Name" : "White point light"
		},
		"Point_Light" : 
		{
			"m_Color" : 
			[
				1.0,
				1.0,
				1.0
			],
			"m_Intensity" : 1.0,
			"m_Linear" : 0.00069000001531094313,
			"m_Quadratic" : 0.00419999985024333
		},
		"Render" : 
		{
			"ColorTint" : 
			[
				1.0,
				1.0,
				1.0
			],
			"EmissiveTint" : 
			[
				1.0,
				1.0,
				1.0
			],
			"RenderModel" : 
			[
				"sphere",
				"Resources/Models\\sphere",
				"Sphere001"
			],
			"UseLight" : 0
		},
		"Tag" : 
		{
			"m_tag" : "Untagged"
		},
		"Transform" : 
		{
			"m_position" : 
			[
				15.0,
				22.0,
				19.0
			],
			"m_rotation" : 
			[
				0.0,
				0.0,
				0.0
			],
			"m_scale" : 
			[
				1.0,
				1.0,
				1.0
			]
		}
	},
	{
		"Name" : 
		{
			"m_Name" : "Blue light"
		},
		"Point_Light" : 
		{
			"m_Color" : 
			[
				0.0,
				0.0,
				1.0
			],
			"m_Intensity" : 4.1999998092651367,
			"m_Linear" : 0.00069000001531094313,
			"m_Quadratic" : 0.00419999985024333
		},
		"Render" : 
		{
			"ColorTint" : 
			[
				0.0,
				0.0,
				1.0
			],
			"EmissiveTint" : 
			[
				1.0,
				1.0,
				1.0
			],
			"RenderModel" : 
			[
				"sphere",
				"Resources/Models\\sphere",
				"Sphere001"
			],
			"UseLight" : 0
		},
		"Tag" : 
		{
			"m_tag" : "Untagged"
		},
		"Transform" : 
		{
			"m_position" : 
			[
				26.0,
				10.0,
				-16.5
			],
			"m_rotation" : 
			[
				0.0,
				0.0,
				0.0
			],
			"m_scale" : 
			[
				1.0,
				1.0,
				1.0
			]
		}
	},
	{
		"Name" : 
		{
			"m_Name" : "Red light"
		},
		"Point_Light" : 
		{
			"m_Color" : 
			[
				1.0,
				0.0,
				0.0
			],
			"m_Intensity" : 4.1999998092651367,
			"m_Linear" : 0.00069000001531094313,
			"m_Quadratic" : 0.00419999985024333
		},
		"Render" : 
		{
			"ColorTint" : 
			[
				1.0,
				0.0,
				0.0
			],
			"EmissiveTint" : 
			[
				1.0,
				1.0,
				1.0
			],
			"RenderModel" : 
			[
				"sphere",
				"Resources/Models\\sphere",
				"Sphere001"
			],
			"UseLight" : 0
		},
		"Tag" : 
		{
			"m_tag" : "Untagged"
		},
		"Transform" : 
		{
			"m_position" : 
			[
				21.0,
				10.0,
				10.0
			],
			"m_rotation" : 
			[
				0.0,
				0.0,
				0.0
			],
			"m_scale" : 
			[
				1.0,
				1.0,
				1.0
			]
		}
	},
	{
		"Name" : 
		{
			"m_Name" : "Green light"
		},
		"Point_Light" : 
		{
			"m_Color" : 
			[
				0.0,
				1.0,
				0.0
			],
			"m_Intensity" : 4.1999998092651367,
			"m_Linear" : 0.00069000001531094313,
			"m_Quadratic" : 0.00419999985024333
		},
		"Render" : 
		{
			"ColorTint" : 
			[
				0.0,
				1.0,
				0.0
			],
			"EmissiveTint" : 
			[
				1.0,
				1.0,
				1.0
			],
			"RenderModel" : 
			[
				"sphere",
				"Resources/Models\\sphere",
				"Sphere001"
			],
			"UseLight" : 0
		},
		"Tag" : 
		{
			"m_tag" : "Untagged"
		},
		"Transform" : 
		{
			"m_position" : 
			[
				-12.5,
				10.0,
				-10.0
			],
			"m_rotation" : 
			[
				0.0,
				0.0,
				0.0
			],
			"m_scale" : 
			[
				1.0,
				1.0,
				1.0
			]
		}
	},
	{
		"BoxCollider" : 
		{
			"centre" : 
			[
				0.0,
				0.0,
				0.0
			],
			"collisionLayer" : "DEFAULT",
			"extends" : 
			[
				1.0,
				1.0,
				1.0
			],
			"isTrigger" : false
		},
		"Name" : 
		{
			"m_Name" : "Test Rigidbody"
		},
		"Render" : 
		{
			"ColorTint" : 
			[
				0.0,
				1.0,
				1.0
			],
			"EmissiveTint" : 
			[
				1.0,
				1.0,
				1.0
			],
			"RenderModel" : 
			[
				"sphere",
				"Resources/Models\\sphere",
				"Sphere001"
			],
			"UseLight" : 1
		},
		"Rigidbody" : 
		{
			"isKinematic" : false,
			"mass" : 1.0,
			"useGravity" : true
		},
		"Tag" : 
		{
			"m_tag" : "Untagged"
		},
		"Transform" : 
		{
			"m_position" : 
			[
				3.0,
				1.0,
				0.0
			],
			"m_rotation" : 
			[
				0.0,
				0.0,
				0.0
			],
			"m_scale" : 
			[
				0.5,
				0.5,
				0.5
			]
		}
	},
	{
		"BoxCollider" : 
		{
			"centre" : 
			[
				0.0,
				0.0,
				0.0
			],
			"collisionLayer" : "DEFAULT",
			"extends" : 
			[
				1.0,
				1.0,
				1.0
			],
			"isTrigger" : false
		},
		"Name" : 
		{
			"m_Name" : "Test Rigidbody2"
		},
		"Render" : 
		{
			"ColorTint" : 
			[
				0.0,
				1.0,
				1.0
			],
			"EmissiveTint" : 
			[
				1.0,
				1.0,
				1.0
			],
			"RenderModel" : 
			[
				"sphere",
				"Resources/Models\\sphere",
				"Sphere001"
			],
			"UseLight" : 1
		},
		"Rigidbody" : 
		{
			"isKinematic" : false,
			"mass" : 1.0,
			"useGravity" : true
		},
		"Tag" : 
		{
			"m_tag" : "Untagged"
		},
		"Transform" : 
		{
			"m_position" : 
			[
				-3.0,
				1.0,
				0.0
			],
			"m_rotation" : 
			[
				0.0,
				0.0,
				0.0
			],
			"m_scale" : 
			[
				0.5,
				0.5,
				0.5
			]
		}
	},
	{
		"Name" : 
		{
			"m_Name" : "World font"
		},
		"Tag" : 
		{
			"m_tag" : "Untagged"
		},
		"Text" : 
		{
			"m_Color" : 
			[
				1.0,
				0.0,
				0.0
			],
			"m_FontID" : "Ruda",
			"m_Ortho" : false,
			"m_Text" : "This is a very big text"
		},
		"Transform" : 
		{
			"m_position" : 
			[
				0.0,
				10.0,
				-10.0
			],
			"m_rotation" : 
			[
				0.0,
				0.0,
				0.0
			],
			"m_scale" : 
			[
				42.0,
				42.0,
				42.0
			]
		}
	},
	{
		"Name" : 
		{
			"m_Name" : "Screen font"
		},
		"Tag" : 
		{
			"m_tag" : "Untagged"
		},
		"Text" : 
		{
			"m_Color" : 
			[
				1.0,
				0.0,
				1.0
			],
			"m_FontID" : "Ruda",
			"m_Ortho" : true,
			"m_Text" : "Screen Font"
		},
		"Transform" : 
		{
			"m_position" : 
			[
				-1.0,
				0.80000001192092896,
				0.0
			],
			"m_rotation" : 
			[
				0.0,
				0.0,
				0.0
			],
			"m_scale" : 
			[
				1.0,
				1.0,
				1.0
			]
		}
	},
	{
		"Camera" : 
		{
			"m_Active" : true,
			"m_Far" : 420.0,
			"m_Fov" : 45.0,
			"m_Near" : 0.10000000149011612,
			"m_Pitch" : 0.0,
			"m_Yaw" : 0.0
		},
		"Name" : 
		{
			"m_Name" : "Game Camera"
		},
		"Render" : 
		{
			"ColorTint" : 
			[
				0.89999997615814209,
				0.5,
				0.20000000298023224
			],
			"EmissiveTint" : 
			[
				1.0,
				1.0,
				1.0
			],
			"RenderModel" : 
			[
				"Cube",
				"Resources/Models\\cube",
				"Box001"
			],
			"UseLight" : 0
		},
		"Tag" : 
		{
			"m_tag" : "Untagged"
		},
		"Transform" : 
		{
			"m_position" : 
			[
				15.0,
				10.0,
				45.0
			],
			"m_rotation" : 
			[
				0.0,
				0.0,
				0.0
			],
			"m_scale" : 
			[
				1.0,
				1.0,
				1.0
			]
		}
	},
	{
		"Children" : 2,
		"Name" : 
		{
			"m_Name" : "Canvas"
		},
		"Tag" : 
		{
			"m_tag" : "Untagged"
		},
		"Transform" : 
		{
			"m_position" : 
			[
				0.0,
				0.0,
				-1.0
			],
			"m_rotation" : 
			[
				0.0,
				0.0,
				0.0
			],
			"m_scale" : 
			[
				1.0,
				1.0,
				1.0
			]
		}
	},
	{
		"Canvas" : 
		{
			"m_Color" : 
			[
				1.0,
				1.0,
				1.0,
				1.0
			],
			"m_Ortho" : true,
			"m_TexName" : "rocks_diff.dds"
		},
		"Children" : 0,
		"Name" : 
		{
			"m_Name" : "Canvas Image 1"
		},
		"Tag" : 
		{
			"m_tag" : "Untagged"
		},
		"Transform" : 
		{
			"m_position" : 
			[
				-0.80000001192092896,
				0.5,
				0.0
			],
			"m_rotation" : 
			[
				0.0,
				0.0,
				0.0
			],
			"m_scale" : 
			[
				0.10000000149011612,
				0.10000000149011612,
				0.10000000149011612
			]
		}
	},
	{
		"Canvas" : 
		{
			"m_Color" : 
			[
				1.0,
				1.0,
				1.0,
				1.0
			],
			"m_Ortho" : true,
			"m_TexName" : "snow_diff.dds"
		},
		"Children" : 0,
		"Name" : 
		{
			"m_Name" : "Canvas Image 2"
		},
		"Tag" : 
		{
			"m_tag" : "Untagged"
		},
		"Transform" : 
		{
			"m_position" : 
			[
				-0.80000001192092896,
				0.69999998807907104,
				0.0
			],
			"m_rotation" : 
			[
				0.0,
				0.0,
				0.0
			],
			"m_scale" : 
			[
				0.10000000149011612,
				0.10000000149011612,
				0.10000000149011612
			]
		}
	}
]