[
	{
		"Name" : 
		{
			"m_Name" : "OBBCollider"
		},
		"OBBBoxCollider" : 
		{
			"centre" : 
			[
				0.0,
				0.0,
				0.0
			],
			"collisionLayer" : "DEFAULT",
			"extends" : 
			[
				0.5,
				0.5,
				0.5
			],
			"isTrigger" : true
		},
		"Render" : 
		{
			"ColorTint" : 
			[
				1.0,
				1.0,
				1.0
			],
			"EmissiveTint" : 
			[
				1.0,
				1.0,
				1.0
			],
			"RenderModel" : 
			[
				"Cube",
				"Resources/Models\\cube",
				"Box001"
			],
			"UseLight" : 1
		},
		"Rigidbody" : 
		{
			"isKinematic" : false,
			"mass" : 10.0,
			"useGravity" : false
		},
		"Tag" : 
		{
			"m_tag" : "Untagged"
		},
		"Transform" : 
		{
			"m_position" : 
			[
				-3.5146398544311523,
				0.0,
				4.2804474830627441
			],
			"m_rotation" : 
			[
				0.0,
				-0.0,
				0.0
			],
			"m_scale" : 
			[
				1.0,
				1.0,
				1.0
			]
		}
	},
	{
		"BoxCollider" : 
		{
			"centre" : 
			[
				0.0,
				0.0,
				0.0
			],
			"collisionLayer" : "DEFAULT",
			"extends" : 
			[
				0.5,
				0.5,
				0.5
			],
			"isTrigger" : true
		},
		"Name" : 
		{
			"m_Name" : "OBBCollider"
		},
		"Render" : 
		{
			"ColorTint" : 
			[
				1.0,
				1.0,
				1.0
			],
			"EmissiveTint" : 
			[
				1.0,
				1.0,
				1.0
			],
			"RenderModel" : 
			[
				"Cube",
				"Resources/Models\\cube",
				"Box001"
			],
			"UseLight" : 1
		},
		"Rigidbody" : 
		{
			"isKinematic" : false,
			"mass" : 10.0,
			"useGravity" : false
		},
		"Tag" : 
		{
			"m_tag" : "Untagged"
		},
		"Transform" : 
		{
			"m_position" : 
			[
				-5.1847128868103027,
				0.0,
				5.3025622367858887
			],
			"m_rotation" : 
			[
				0.0,
				-0.0,
				0.0
			],
			"m_scale" : 
			[
				1.0,
				1.0,
				1.0
			]
		}
	},
	{
		"Name" : 
		{
			"m_Name" : "OBBCollider"
		},
		"OBBBoxCollider" : 
		{
			"centre" : 
			[
				0.0,
				0.0,
				0.0
			],
			"collisionLayer" : "DEFAULT",
			"extends" : 
			[
				0.5,
				0.5,
				0.5
			],
			"isTrigger" : true
		},
		"Render" : 
		{
			"ColorTint" : 
			[
				1.0,
				1.0,
				1.0
			],
			"EmissiveTint" : 
			[
				1.0,
				1.0,
				1.0
			],
			"RenderModel" : 
			[
				"Cube",
				"Resources/Models\\cube",
				"Box001"
			],
			"UseLight" : 1
		},
		"Rigidbody" : 
		{
			"isKinematic" : false,
			"mass" : 10.0,
			"useGravity" : false
		},
		"Tag" : 
		{
			"m_tag" : "Untagged"
		},
		"Transform" : 
		{
			"m_position" : 
			[
				-3.5146398544311523,
				0.0,
				5.7014436721801758
			],
			"m_rotation" : 
			[
				0.0,
				-0.0,
				0.0
			],
			"m_scale" : 
			[
				1.0,
				2.0,
				1.0
			]
		}
	}
]