[
	{
		"MeshCollider" : 
		{
			"collisionLayer" : "DEFAULT",
			"isTrigger" : true
		},
		"Name" : 
		{
			"m_Name" : "CubeMesh"
		},
		"Render" : 
		{
			"ColorTint" : 
			[
				1.0,
				1.0,
				1.0
			],
			"EmissiveTint" : 
			[
				1.0,
				1.0,
				1.0
			],
			"RenderModel" : 
			[
				"Cube",
				"Resources/Models\\cube",
				"Box001"
			],
			"UseLight" : 1
		},
		"Rigidbody" : 
		{
			"isKinematic" : false,
			"mass" : 10.0,
			"useGravity" : false
		},
		"Tag" : 
		{
			"m_tag" : "Untagged"
		},
		"Transform" : 
		{
			"m_position" : 
			[
				0.0,
				0.0,
				0.0
			],
			"m_rotation" : 
			[
				0.0,
				-0.0,
				0.0
			],
			"m_scale" : 
			[
				1.0,
				1.0,
				1.0
			]
		}
	},
	{
		"Name" : 
		{
			"m_Name" : "SphereCollider"
		},
		"Render" : 
		{
			"ColorTint" : 
			[
				0.83499997854232788,
				0.92100000381469727,
				0.90499997138977051
			],
			"EmissiveTint" : 
			[
				1.0,
				1.0,
				1.0
			],
			"RenderModel" : 
			[
				"sphere",
				"Resources/Models\\sphere",
				"Sphere001"
			],
			"UseLight" : 1
		},
		"Rigidbody" : 
		{
			"isKinematic" : false,
			"mass" : 10.0,
			"useGravity" : false
		},
		"SphereCollider" : 
		{
			"centre" : 
			[
				0.0,
				0.0,
				0.0
			],
			"collisionLayer" : "DEFAULT",
			"isTrigger" : true,
			"radius" : 1.0
		},
		"Tag" : 
		{
			"m_tag" : "Untagged"
		},
		"Transform" : 
		{
			"m_position" : 
			[
				-4.2369303703308105,
				0.048052728176116943,
				0.0
			],
			"m_rotation" : 
			[
				0.0,
				-0.0,
				0.0
			],
			"m_scale" : 
			[
				1.0,
				1.0,
				1.0
			]
		}
	},
	{
		"MeshCollider" : 
		{
			"collisionLayer" : "DEFAULT",
			"isTrigger" : true
		},
		"Name" : 
		{
			"m_Name" : "BulletMesh"
		},
		"Render" : 
		{
			"ColorTint" : 
			[
				1.0,
				1.0,
				1.0
			],
			"EmissiveTint" : 
			[
				1.0,
				1.0,
				1.0
			],
			"RenderModel" : 
			[
				"Player_Bullet",
				"Resources/Models\\Ship",
				"Player_Bullet"
			],
			"UseLight" : 1
		},
		"Rigidbody" : 
		{
			"isKinematic" : false,
			"mass" : 10.0,
			"useGravity" : false
		},
		"Tag" : 
		{
			"m_tag" : "Untagged"
		},
		"Transform" : 
		{
			"m_position" : 
			[
				1.5575506687164307,
				0.043817818164825439,
				2.6810064315795898
			],
			"m_rotation" : 
			[
				0.0,
				-0.0,
				0.0
			],
			"m_scale" : 
			[
				1.0,
				1.0,
				1.0
			]
		}
	},
	{
		"Name" : 
		{
			"m_Name" : "OBBCollider"
		},
		"OBBBoxCollider" : 
		{
			"centre" : 
			[
				0.0,
				0.0,
				0.0
			],
			"collisionLayer" : "DEFAULT",
			"extends" : 
			[
				0.5,
				0.5,
				0.5
			],
			"isTrigger" : true
		},
		"Render" : 
		{
			"ColorTint" : 
			[
				1.0,
				1.0,
				1.0
			],
			"EmissiveTint" : 
			[
				1.0,
				1.0,
				1.0
			],
			"RenderModel" : 
			[
				"Cube",
				"Resources/Models\\cube",
				"Box001"
			],
			"UseLight" : 1
		},
		"Rigidbody" : 
		{
			"isKinematic" : false,
			"mass" : 10.0,
			"useGravity" : false
		},
		"Tag" : 
		{
			"m_tag" : "Untagged"
		},
		"Transform" : 
		{
			"m_position" : 
			[
				-3.5146398544311523,
				0.0,
				4.2804474830627441
			],
			"m_rotation" : 
			[
				0.0,
				-0.0,
				0.0
			],
			"m_scale" : 
			[
				1.0,
				1.0,
				1.0
			]
		}
	}
]