[
	{
		"BoxCollider" : 
		{
			"centre" : 
			[
				0.0,
				0.0,
				0.0
			],
			"collisionLayer" : "PLAYERBOX",
			"extends" : 
			[
				50.0,
				20.0,
				50.0
			],
			"isStatic" : false,
			"isTrigger" : true
		},
		"Children" : 2,
		"Name" : 
		{
			"m_Name" : "PlayerBox",
			"status" : true
		},
		"PrefabInstance" : 
		{
			"prefab_GUID" : "28690d51-df70-4c1e-b247-0b162bf87703",
			"prefab_path" : "Resources\\Prefabs\\PlayerBox.prefab"
		},
		"Rigidbody" : 
		{
			"isKinematic" : false,
			"mass" : 10.0,
			"useGravity" : false
		},
		"Tag" : 
		{
			"m_tag" : "Player"
		},
		"Transform" : 
		{
			"m_position" : 
			[
				3.3044008501681432e-11,
				13.499978065490723,
				9.9766807556152344
			],
			"m_rotation" : 
			[
				0.0001042740695993416,
				-0.0,
				0.0001042740695993416
			],
			"m_scale" : 
			[
				0.10000000149011612,
				0.10000000149011612,
				0.10000000149011612
			]
		}
	},
	{
		"BoxCollider" : 
		{
			"centre" : 
			[
				0.0,
				0.0,
				0.0
			],
			"collisionLayer" : "PLAYER",
			"extends" : 
			[
				1.0,
				1.0,
				1.0
			],
			"isStatic" : false,
			"isTrigger" : true
		},
		"Children" : 6,
		"Name" : 
		{
			"m_Name" : "PlayerShip",
			"status" : true
		},
		"Render" : 
		{
			"ColorTint" : 
			[
				1.0,
				1.0,
				1.0
			],
			"EmissiveTint" : 
			[
				1.0,
				1.0,
				1.0
			],
			"RenderModel" : 
			[
				"Ship_Cockpit_Final_M03",
				"Resources/Models\\Ship",
				"Cockpit"
			],
			"UseLight" : 1
		},
		"Rigidbody" : 
		{
			"isKinematic" : false,
			"mass" : 10.0,
			"useGravity" : false
		},
		"Tag" : 
		{
			"m_tag" : "Untagged"
		},
		"Transform" : 
		{
			"m_position" : 
			[
				0.035429079085588455,
				-3.538909912109375,
				-6.028052806854248
			],
			"m_rotation" : 
			[
				-179.999755859375,
				-0.0,
				-179.999755859375
			],
			"m_scale" : 
			[
				1.9999979734420776,
				2.0,
				1.9999979734420776
			]
		}
	},
	{
		"BoxCollider" : 
		{
			"centre" : 
			[
				0.0,
				0.0,
				0.0
			],
			"collisionLayer" : "PLAYER PROJECTILES",
			"extends" : 
			[
				50.0,
				30.0,
				50.0
			],
			"isStatic" : false,
			"isTrigger" : true
		},
		"Children" : 0,
		"Name" : 
		{
			"m_Name" : "LaserWeapon",
			"status" : true
		},
		"P_Scripting" : 
		{
			"LaserWeapon" : false
		},
		"Tag" : 
		{
			"m_tag" : "Untagged"
		},
		"Transform" : 
		{
			"m_position" : 
			[
				-3.7252902984619141e-09,
				0.0,
				55.0
			],
			"m_rotation" : 
			[
				0.0,
				-1.2071197990834448e-13,
				2.0844186099377993e-10
			],
			"m_scale" : 
			[
				1.0,
				1.0,
				1.0
			]
		}
	},
	{
		"Children" : 5,
		"Name" : 
		{
			"m_Name" : "DashBoard",
			"status" : true
		},
		"Render" : 
		{
			"ColorTint" : 
			[
				1.0,
				1.0,
				1.0
			],
			"EmissiveTint" : 
			[
				1.0,
				1.0,
				1.0
			],
			"RenderModel" : 
			[
				"Ship_Cockpit_Final_M03",
				"Resources/Models\\Ship",
				"DashBoard"
			],
			"UseLight" : 1
		},
		"Tag" : 
		{
			"m_tag" : "Untagged"
		},
		"Transform" : 
		{
			"m_position" : 
			[
				0.0,
				0.0,
				0.0
			],
			"m_rotation" : 
			[
				0.0,
				-3.1726032391488079e-13,
				2.0844186099377993e-10
			],
			"m_scale" : 
			[
				1.0,
				1.0,
				1.0
			]
		}
	},
	{
		"Children" : 0,
		"Name" : 
		{
			"m_Name" : "Score_Text",
			"status" : true
		},
		"Tag" : 
		{
			"m_tag" : "Untagged"
		},
		"Text" : 
		{
			"m_Color" : 
			[
				1.0,
				0.72685772180557251,
				0.004651188850402832
			],
			"m_FontID" : "Ruda",
			"m_Ortho" : false,
			"m_Text" : "00000000"
		},
		"Transform" : 
		{
			"m_position" : 
			[
				0.24571403861045837,
				-0.082672119140625,
				-0.16531179845333099
			],
			"m_rotation" : 
			[
				149.99995422363281,
				2.3958174333316151e-10,
				-179.99989318847656
			],
			"m_scale" : 
			[
				0.79999971389770508,
				0.80000406503677368,
				0.80000615119934082
			]
		}
	},
	{
		"Children" : 0,
		"Name" : 
		{
			"m_Name" : "Projector",
			"status" : true
		},
		"Render" : 
		{
			"ColorTint" : 
			[
				1.0,
				1.0,
				1.0
			],
			"EmissiveTint" : 
			[
				1.0,
				1.0,
				1.0
			],
			"RenderModel" : 
			[
				"Ship_Cockpit_Final_M03",
				"Resources/Models\\Ship",
				"Projector"
			],
			"UseLight" : 1
		},
		"Tag" : 
		{
			"m_tag" : "Untagged"
		},
		"Transform" : 
		{
			"m_position" : 
			[
				0.0,
				0.0,
				0.0
			],
			"m_rotation" : 
			[
				0.0,
				-3.6775163602818968e-15,
				1.0453986402597193e-15
			],
			"m_scale" : 
			[
				1.0,
				1.0,
				1.0
			]
		}
	},
	{
		"Children" : 4,
		"Name" : 
		{
			"m_Name" : "DashboardScreenFace",
			"status" : true
		},
		"Render" : 
		{
			"ColorTint" : 
			[
				1.0,
				1.0,
				1.0
			],
			"EmissiveTint" : 
			[
				1.0,
				1.0,
				1.0
			],
			"RenderModel" : 
			[
				"Ship_Cockpit_Final_M03",
				"Resources/Models\\Ship",
				"AI_PC"
			],
			"UseLight" : 1
		},
		"Rigidbody" : 
		{
			"isKinematic" : false,
			"mass" : 10.0,
			"useGravity" : false
		},
		"Scripting" : 
		{
			"DashboardScreen" : false
		},
		"Tag" : 
		{
			"m_tag" : "Untagged"
		},
		"Transform" : 
		{
			"m_position" : 
			[
				0.0,
				0.0,
				0.0
			],
			"m_rotation" : 
			[
				0.0,
				-5.2677936136975335e-15,
				1.0459477293677769e-15
			],
			"m_scale" : 
			[
				1.0,
				1.0,
				1.0
			]
		}
	},
	{
		"Children" : 0,
		"Name" : 
		{
			"m_Name" : "Screen",
			"status" : true
		},
		"Render" : 
		{
			"ColorTint" : 
			[
				1.0,
				1.0,
				1.0
			],
			"EmissiveTint" : 
			[
				1.0,
				1.0,
				1.0
			],
			"RenderModel" : 
			[
				"Ship_Cockpit_Final_M03",
				"Resources/Models\\Ship",
				"Screen"
			],
			"UseLight" : 1
		},
		"Tag" : 
		{
			"m_tag" : "Untagged"
		},
		"Transform" : 
		{
			"m_position" : 
			[
				0.0,
				0.0,
				0.0
			],
			"m_rotation" : 
			[
				0.0,
				-1.6499126080670758e-14,
				1.045987328158061e-15
			],
			"m_scale" : 
			[
				1.0,
				1.0,
				1.0
			]
		}
	},
	{
		"Canvas" : 
		{
			"m_Color" : 
			[
				1.0,
				1.0,
				1.0,
				1.0
			],
			"m_ForceAlpha" : true,
			"m_Ortho" : false,
			"m_SpriteAnimation" : 
			{
				"m_Columns" : 1,
				"m_FrameCounter" : 0.0,
				"m_MaxFrames" : 1,
				"m_Play" : false,
				"m_PlaySpeed" : 1.0,
				"m_Repeat" : false,
				"m_Rows" : 1,
				"m_Tiling" : 
				[
					1.0,
					1.0
				],
				"m_UV_Offset" : 
				[
					0.0,
					0.0
				]
			},
			"m_TexName" : "AI_Neutral.dds"
		},
		"Children" : 0,
		"Name" : 
		{
			"m_Name" : "Neutral Face",
			"status" : true
		},
		"Tag" : 
		{
			"m_tag" : "Untagged"
		},
		"Transform" : 
		{
			"m_position" : 
			[
				0.58779358863830566,
				0.1086883544921875,
				-0.17139142751693726
			],
			"m_rotation" : 
			[
				164.99992370605469,
				-9.9999446868896484,
				179.99989318847656
			],
			"m_scale" : 
			[
				0.17500001192092896,
				0.17500001192092896,
				1.0000004768371582
			]
		}
	},
	{
		"Canvas" : 
		{
			"m_Color" : 
			[
				1.0,
				1.0,
				1.0,
				1.0
			],
			"m_ForceAlpha" : true,
			"m_Ortho" : false,
			"m_SpriteAnimation" : 
			{
				"m_Columns" : 1,
				"m_FrameCounter" : 0.0,
				"m_MaxFrames" : 1,
				"m_Play" : false,
				"m_PlaySpeed" : 1.0,
				"m_Repeat" : false,
				"m_Rows" : 1,
				"m_Tiling" : 
				[
					1.0,
					1.0
				],
				"m_UV_Offset" : 
				[
					0.0,
					0.0
				]
			},
			"m_TexName" : "AI_Happy.dds"
		},
		"Children" : 0,
		"Name" : 
		{
			"m_Name" : "Happy Face",
			"status" : true
		},
		"Tag" : 
		{
			"m_tag" : "Untagged"
		},
		"Transform" : 
		{
			"m_position" : 
			[
				0.58822435140609741,
				0.10756683349609375,
				-0.17089886963367462
			],
			"m_rotation" : 
			[
				164.99992370605469,
				-9.9999961853027344,
				-179.99989318847656
			],
			"m_scale" : 
			[
				0.1749994307756424,
				0.1750018298625946,
				1.0000002384185791
			]
		}
	},
	{
		"Canvas" : 
		{
			"m_Color" : 
			[
				1.0,
				1.0,
				1.0,
				1.0
			],
			"m_ForceAlpha" : true,
			"m_Ortho" : false,
			"m_SpriteAnimation" : 
			{
				"m_Columns" : 1,
				"m_FrameCounter" : 0.0,
				"m_MaxFrames" : 1,
				"m_Play" : false,
				"m_PlaySpeed" : 1.0,
				"m_Repeat" : false,
				"m_Rows" : 1,
				"m_Tiling" : 
				[
					1.0,
					1.0
				],
				"m_UV_Offset" : 
				[
					0.0,
					0.0
				]
			},
			"m_TexName" : "AI_Hurt.dds"
		},
		"Children" : 0,
		"Name" : 
		{
			"m_Name" : "Hurt Face",
			"status" : true
		},
		"Tag" : 
		{
			"m_tag" : "Untagged"
		},
		"Transform" : 
		{
			"m_position" : 
			[
				0.58634364604949951,
				0.1082916259765625,
				-0.17200000584125519
			],
			"m_rotation" : 
			[
				164.99992370605469,
				-9.9999475479125977,
				-179.99989318847656
			],
			"m_scale" : 
			[
				0.17500001192092896,
				0.17499998211860657,
				1.0
			]
		}
	},
	{
		"Children" : 1,
		"Name" : 
		{
			"m_Name" : "Screen_Shell",
			"status" : true
		},
		"Render" : 
		{
			"ColorTint" : 
			[
				1.0,
				1.0,
				1.0
			],
			"EmissiveTint" : 
			[
				1.0,
				1.0,
				1.0
			],
			"RenderModel" : 
			[
				"Ship_Cockpit_Final_M03",
				"Resources/Models\\Ship",
				"Screen_Shell"
			],
			"UseLight" : 1
		},
		"Tag" : 
		{
			"m_tag" : "Untagged"
		},
		"Transform" : 
		{
			"m_position" : 
			[
				0.0,
				0.0,
				0.0
			],
			"m_rotation" : 
			[
				0.0,
				-5.8641471602119237e-15,
				1.0454038283365212e-15
			],
			"m_scale" : 
			[
				1.0,
				1.0,
				1.0
			]
		}
	},
	{
		"Children" : 0,
		"Name" : 
		{
			"m_Name" : "Screen001",
			"status" : true
		},
		"Render" : 
		{
			"ColorTint" : 
			[
				1.0,
				1.0,
				1.0
			],
			"EmissiveTint" : 
			[
				1.0,
				1.0,
				1.0
			],
			"RenderModel" : 
			[
				"Ship_Cockpit_Final_M03",
				"Resources/Models\\Ship",
				"Screen001"
			],
			"UseLight" : 1
		},
		"Tag" : 
		{
			"m_tag" : "Untagged"
		},
		"Transform" : 
		{
			"m_position" : 
			[
				0.0,
				0.0,
				0.0
			],
			"m_rotation" : 
			[
				0.0,
				-0.0,
				1.0454041459738764e-15
			],
			"m_scale" : 
			[
				1.0,
				1.0,
				1.0
			]
		}
	},
	{
		"Children" : 0,
		"Name" : 
		{
			"m_Name" : "Score_Text_Title",
			"status" : true
		},
		"Tag" : 
		{
			"m_tag" : "Untagged"
		},
		"Text" : 
		{
			"m_Color" : 
			[
				0.0,
				0.42790699005126953,
				1.0
			],
			"m_FontID" : "Ruda",
			"m_Ortho" : false,
			"m_Text" : "Score"
		},
		"Transform" : 
		{
			"m_position" : 
			[
				0.17691507935523987,
				0.00553131103515625,
				-0.12679430842399597
			],
			"m_rotation" : 
			[
				149.99995422363281,
				2.6055158031113024e-11,
				-179.99989318847656
			],
			"m_scale" : 
			[
				0.99999213218688965,
				0.99999874830245972,
				0.99999386072158813
			]
		}
	},
	{
		"Children" : 1,
		"Name" : 
		{
			"m_Name" : "PlayerTurret2",
			"status" : true
		},
		"Render" : 
		{
			"ColorTint" : 
			[
				1.0,
				1.0,
				1.0
			],
			"EmissiveTint" : 
			[
				1.0,
				1.0,
				1.0
			],
			"RenderModel" : 
			[
				"Player_Gun",
				"Resources/Models\\Ship",
				"Guns"
			],
			"UseLight" : 1
		},
		"Tag" : 
		{
			"m_tag" : "Untagged"
		},
		"Transform" : 
		{
			"m_position" : 
			[
				2.5000035762786865,
				-0.5,
				0.00019338043057359755
			],
			"m_rotation" : 
			[
				0.0001042740695993416,
				-5.0089556680177338e-06,
				0.00010427409870317206
			],
			"m_scale" : 
			[
				1.0,
				1.0,
				1.0
			]
		}
	},
	{
		"Children" : 0,
		"Name" : 
		{
			"m_Name" : "Muzzle",
			"status" : true
		},
		"Tag" : 
		{
			"m_tag" : "Untagged"
		},
		"Transform" : 
		{
			"m_position" : 
			[
				0.0,
				0.0,
				2.2000000476837158
			],
			"m_rotation" : 
			[
				0.0,
				0.0,
				0.0
			],
			"m_scale" : 
			[
				1.0,
				1.0,
				1.0
			]
		}
	},
	{
		"Children" : 1,
		"Name" : 
		{
			"m_Name" : "PlayerTurret1",
			"status" : true
		},
		"Render" : 
		{
			"ColorTint" : 
			[
				1.0,
				1.0,
				1.0
			],
			"EmissiveTint" : 
			[
				1.0,
				1.0,
				1.0
			],
			"RenderModel" : 
			[
				"Player_Gun",
				"Resources/Models\\Ship",
				"Guns"
			],
			"UseLight" : 1
		},
		"Tag" : 
		{
			"m_tag" : "Untagged"
		},
		"Transform" : 
		{
			"m_position" : 
			[
				-2.5,
				-0.5,
				0.0
			],
			"m_rotation" : 
			[
				0.0001042740695993416,
				-5.0089556680177338e-06,
				0.00010427409870317206
			],
			"m_scale" : 
			[
				1.0,
				1.0,
				1.0
			]
		}
	},
	{
		"Children" : 0,
		"Name" : 
		{
			"m_Name" : "Muzzle",
			"status" : true
		},
		"Tag" : 
		{
			"m_tag" : "Untagged"
		},
		"Transform" : 
		{
			"m_position" : 
			[
				0.0,
				0.0,
				2.2000000476837158
			],
			"m_rotation" : 
			[
				0.0,
				0.0,
				0.0
			],
			"m_scale" : 
			[
				1.0,
				1.0,
				1.0
			]
		}
	},
	{
		"AudioSource" : 
		{
			"Clip0" : 
			{
				"Dir" : "Resources/Audio\\GameBGM_JP_Low.ogg",
				"UpdatePos" : true,
				"Volume" : 0.11800000071525574
			},
			"Clip1" : 
			{
				"Dir" : "Resources/Audio\\Player\\Player_Shoot.ogg",
				"UpdatePos" : true,
				"Volume" : 0.40700000524520874
			},
			"Clip2" : 
			{
				"Dir" : "Resources/Audio\\Player\\Player_Damaged.ogg",
				"UpdatePos" : true,
				"Volume" : 0.50199997425079346
			}
		},
		"Camera" : 
		{
			"m_Active" : true,
			"m_Far" : 420.0,
			"m_Fov" : 80.0,
			"m_Near" : 0.10000000149011612,
			"m_Pitch" : 0.0,
			"m_Yaw" : 0.0
		},
		"Children" : 0,
		"Name" : 
		{
			"m_Name" : "PlayerCam",
			"status" : true
		},
		"Tag" : 
		{
			"m_tag" : "Untagged"
		},
		"Transform" : 
		{
			"m_position" : 
			[
				-4.8056244850158691e-07,
				0.5,
				-1.0000004768371582
			],
			"m_rotation" : 
			[
				0.0,
				-5.1726747885005864e-12,
				2.0844188874935554e-10
			],
			"m_scale" : 
			[
				1.0,
				1.0,
				1.0
			]
		}
	},
	{
		"Children" : 1,
		"Name" : 
		{
			"m_Name" : "ShootingBox",
			"status" : true
		},
		"Rigidbody" : 
		{
			"isKinematic" : false,
			"mass" : 10.0,
			"useGravity" : false
		},
		"Scripting" : 
		{
			"FirstPersonFiringSystem" : false
		},
		"Tag" : 
		{
			"m_tag" : "Untagged"
		},
		"Transform" : 
		{
			"m_position" : 
			[
				-2.9802322387695312e-08,
				5.340576171875e-05,
				20.000001907348633
			],
			"m_rotation" : 
			[
				0.0,
				-3.4537839168485851e-12,
				2.0844186099377993e-10
			],
			"m_scale" : 
			[
				1.0,
				1.0,
				1.0
			]
		}
	},
	{
		"Children" : 0,
		"Name" : 
		{
			"m_Name" : "BoxA",
			"status" : true
		},
		"OBBBoxCollider" : 
		{
			"centre" : 
			[
				0.0,
				0.0,
				0.0
			],
			"collisionLayer" : "DEFAULT",
			"extends" : 
			[
				5.0,
				5.0,
				15.0
			],
			"isStatic" : false,
			"isTrigger" : true
		},
		"Scripting" : 
		{
			"FirstPersonFiringBox" : false
		},
		"Tag" : 
		{
			"m_tag" : "Untagged"
		},
		"Transform" : 
		{
			"m_position" : 
			[
				0.0,
				0.0,
				-3.814697265625e-06
			],
			"m_rotation" : 
			[
				0.0,
				1.2379811802423757e-12,
				1.0504620973392871e-15
			],
			"m_scale" : 
			[
				1.0,
				1.0,
				1.0
			]
		}
	},
	{
		"AudioSource" : 
		{
			"Clip0" : 
			{
				"Dir" : "Resources/Audio\\VO\\GAM300_Level1_VO.ogg",
				"UpdatePos" : true,
				"Volume" : 1.0
			}
		},
		"Children" : 0,
		"Name" : 
		{
			"m_Name" : "VO_AudioSource",
			"status" : true
		},
		"Tag" : 
		{
			"m_tag" : "Untagged"
		},
		"Transform" : 
		{
			"m_position" : 
			[
				-8.4829371189698577e-06,
				-4.766021728515625,
				-6.028078556060791
			],
			"m_rotation" : 
			[
				-0.00010427404777146876,
				-1.8977099058847813e-10,
				-0.00010427404777146876
			],
			"m_scale" : 
			[
				10.0,
				10.0,
				10.0
			]
		}
	},
	{
		"Directional_Light" : 
		{
			"m_Color" : 
			[
				0.20000000298023224,
				0.20000000298023224,
				0.15000000596046448
			],
			"m_Diffuse" : 0.41999998688697815,
			"m_Direction" : 
			[
				-0.28734788298606873,
				-0.57469576597213745,
				-0.76626098155975342
			],
			"m_Intensity" : 13.0,
			"m_Specular" : 0.68999999761581421
		},
		"Name" : 
		{
			"m_Name" : "Directional Light",
			"status" : true
		},
		"Render" : 
		{
			"ColorTint" : 
			[
				0.20000000298023224,
				0.20000000298023224,
				0.15000000596046448
			],
			"EmissiveTint" : 
			[
				1.0,
				1.0,
				1.0
			],
			"RenderModel" : 
			[
				"sphere",
				"Resources/Models\\sphere",
				"Sphere001"
			],
			"UseLight" : 0
		},
		"Transform" : 
		{
			"m_position" : 
			[
				7.5,
				15.0,
				20.0
			],
			"m_rotation" : 
			[
				0.0,
				-0.0,
				0.0
			],
			"m_scale" : 
			[
				1.0,
				1.0,
				1.0
			]
		}
	},
	{
		"BoxCollider" : 
		{
			"centre" : 
			[
				0.0,
				0.0,
				0.0
			],
			"collisionLayer" : "PLAYER",
			"extends" : 
			[
				5.0,
				5.0,
				5.0
			],
			"isStatic" : true,
			"isTrigger" : true
		},
		"Name" : 
		{
			"m_Name" : "Game Over Trigger Box",
			"status" : true
		},
		"Scripting" : 
		{
			"GameEndingTrigger" : false
		},
		"Tag" : 
		{
			"m_tag" : "Untagged"
		},
		"Transform" : 
		{
			"m_position" : 
			[
				-137.14041137695312,
				79.0,
				-361.11651611328125
			],
			"m_rotation" : 
			[
				0.0,
				-0.0,
				0.0
			],
			"m_scale" : 
			[
				7.0,
				0.5,
				7.0
			]
		}
	},
	{
		"Name" : 
		{
			"m_Name" : "Light",
			"status" : true
		},
		"Point_Light" : 
		{
			"m_Color" : 
			[
				1.0,
				0.78935641050338745,
				0.5767441987991333
			],
			"m_Intensity" : 0.5,
			"m_Linear" : 0.00069000001531094313,
			"m_Quadratic" : 0.00419999985024333
		},
		"Tag" : 
		{
			"m_tag" : "Untagged"
		},
		"Transform" : 
		{
			"m_position" : 
			[
				-41.524112701416016,
				21.61212158203125,
				-219.55024719238281
			],
			"m_rotation" : 
			[
				0.0,
				-0.0,
				0.0
			],
			"m_scale" : 
			[
				1.0,
				1.0,
				1.0
			]
		}
	},
	{
		"Children" : 4,
		"Name" : 
		{
			"m_Name" : "ReticleGroup",
			"status" : true
		},
		"Tag" : 
		{
			"m_tag" : "Untagged"
		},
		"Transform" : 
		{
			"m_position" : 
			[
				2.8391266937433102e-07,
				0.0,
				0.0
			],
			"m_rotation" : 
			[
				0.0,
				-0.0,
				0.0
			],
			"m_scale" : 
			[
				1.0000001192092896,
				0.99999696016311646,
				1.0000001192092896
			]
		}
	},
	{
		"Children" : 1,
		"Name" : 
		{
			"m_Name" : "Reticle1",
			"status" : true
		},
		"Tag" : 
		{
			"m_tag" : "Untagged"
		},
		"Transform" : 
		{
			"m_position" : 
			[
				-2.5873418962873984e-09,
				-0.0060292743146419525,
				4.9255731437991557e-11
			],
			"m_rotation" : 
			[
				0.0,
				1.4701740801321972e-13,
				-2.0844082015969434e-10
			],
			"m_scale" : 
			[
				1.0,
				1.0,
				0.0010000000474974513
			]
		}
	},
	{
		"Canvas" : 
		{
			"m_Color" : 
			[
				1.0,
				1.0,
				1.0,
				1.0
			],
			"m_ForceAlpha" : true,
			"m_Ortho" : false,
			"m_SpriteAnimation" : 
			{
				"m_Columns" : 1,
				"m_FrameCounter" : 0.0,
				"m_MaxFrames" : 1,
				"m_Play" : false,
				"m_PlaySpeed" : 1.0,
				"m_Repeat" : false,
				"m_Rows" : 1,
				"m_Tiling" : 
				[
					1.0,
					1.0
				],
				"m_UV_Offset" : 
				[
					0.0,
					0.0
				]
			},
			"m_TexName" : "Lockon.dds"
		},
		"Children" : 0,
		"Name" : 
		{
			"m_Name" : "Child",
			"status" : true
		},
		"Tag" : 
		{
			"m_tag" : "Untagged"
		},
		"Transform" : 
		{
			"m_position" : 
			[
				4.6611603465862572e-11,
				5.788169801235199e-07,
				0.0
			],
			"m_rotation" : 
			[
				-2.0792243383107379e-27,
				6.2120205211548311e-17,
				0.0
			],
			"m_scale" : 
			[
				1.0,
				0.99989914894104004,
				1.0
			]
		}
	},
	{
		"Children" : 1,
		"Name" : 
		{
			"m_Name" : "Reticle2",
			"status" : true
		},
		"Tag" : 
		{
			"m_tag" : "Untagged"
		},
		"Transform" : 
		{
			"m_position" : 
			[
				-6.3226082147593843e-09,
				-0.00051116943359375,
				-1.2712301213468891e-05
			],
			"m_rotation" : 
			[
				0.0,
				-0.0,
				0.0
			],
			"m_scale" : 
			[
				1.0,
				1.0,
				0.0010000000474974513
			]
		}
	},
	{
		"Canvas" : 
		{
			"m_Color" : 
			[
				1.0,
				1.0,
				1.0,
				1.0
			],
			"m_ForceAlpha" : true,
			"m_Ortho" : false,
			"m_SpriteAnimation" : 
			{
				"m_Columns" : 1,
				"m_FrameCounter" : 0.0,
				"m_MaxFrames" : 1,
				"m_Play" : false,
				"m_PlaySpeed" : 1.0,
				"m_Repeat" : false,
				"m_Rows" : 1,
				"m_Tiling" : 
				[
					1.0,
					1.0
				],
				"m_UV_Offset" : 
				[
					0.0,
					0.0
				]
			},
			"m_TexName" : "Lockon.dds"
		},
		"Children" : 0,
		"Name" : 
		{
			"m_Name" : "Child",
			"status" : true
		},
		"Tag" : 
		{
			"m_tag" : "Untagged"
		},
		"Transform" : 
		{
			"m_position" : 
			[
				-2.4670043785590678e-11,
				6.1583705246448517e-08,
				8.7637454271316528e-07
			],
			"m_rotation" : 
			[
				0.0,
				-0.0,
				0.0
			],
			"m_scale" : 
			[
				1.0,
				0.99993693828582764,
				1.0
			]
		}
	},
	{
		"Children" : 1,
		"Name" : 
		{
			"m_Name" : "Reticle3",
			"status" : true
		},
		"Tag" : 
		{
			"m_tag" : "Untagged"
		},
		"Transform" : 
		{
			"m_position" : 
			[
				-8.3170448306191247e-10,
				-0.0016252624336630106,
				2.2071924908433072e-13
			],
			"m_rotation" : 
			[
				0.0,
				-0.0,
				0.0
			],
			"m_scale" : 
			[
				1.0,
				1.0,
				0.0010000000474974513
			]
		}
	},
	{
		"Canvas" : 
		{
			"m_Color" : 
			[
				1.0,
				1.0,
				1.0,
				1.0
			],
			"m_ForceAlpha" : true,
			"m_Ortho" : false,
			"m_SpriteAnimation" : 
			{
				"m_Columns" : 1,
				"m_FrameCounter" : 0.0,
				"m_MaxFrames" : 1,
				"m_Play" : false,
				"m_PlaySpeed" : 1.0,
				"m_Repeat" : false,
				"m_Rows" : 1,
				"m_Tiling" : 
				[
					1.0,
					1.0
				],
				"m_UV_Offset" : 
				[
					0.0,
					0.0
				]
			},
			"m_TexName" : "Lockon.dds"
		},
		"Children" : 0,
		"Name" : 
		{
			"m_Name" : "Child",
			"status" : true
		},
		"Tag" : 
		{
			"m_tag" : "Untagged"
		},
		"Transform" : 
		{
			"m_position" : 
			[
				6.1959326558280736e-12,
				2.537854015827179e-08,
				2.7755575615628914e-17
			],
			"m_rotation" : 
			[
				0.0,
				-0.0,
				0.0
			],
			"m_scale" : 
			[
				1.0,
				0.999961256980896,
				1.0
			]
		}
	},
	{
		"Children" : 1,
		"Name" : 
		{
			"m_Name" : "Reticle4",
			"status" : true
		},
		"Tag" : 
		{
			"m_tag" : "Untagged"
		},
		"Transform" : 
		{
			"m_position" : 
			[
				3.4548861549410503e-09,
				-0.0011297488817945123,
				1.2401181427243446e-12
			],
			"m_rotation" : 
			[
				0.0,
				-0.0,
				0.0
			],
			"m_scale" : 
			[
				1.0,
				1.0,
				0.0010000000474974513
			]
		}
	},
	{
		"Canvas" : 
		{
			"m_Color" : 
			[
				1.0,
				1.0,
				1.0,
				1.0
			],
			"m_ForceAlpha" : true,
			"m_Ortho" : false,
			"m_SpriteAnimation" : 
			{
				"m_Columns" : 1,
				"m_FrameCounter" : 0.0,
				"m_MaxFrames" : 1,
				"m_Play" : false,
				"m_PlaySpeed" : 1.0,
				"m_Repeat" : false,
				"m_Rows" : 1,
				"m_Tiling" : 
				[
					1.0,
					1.0
				],
				"m_UV_Offset" : 
				[
					0.0,
					0.0
				]
			},
			"m_TexName" : "Lockon.dds"
		},
		"Children" : 0,
		"Name" : 
		{
			"m_Name" : "Child",
			"status" : true
		},
		"Tag" : 
		{
			"m_tag" : "Untagged"
		},
		"Transform" : 
		{
			"m_position" : 
			[
				-1.7706724975141697e-11,
				0.0,
				0.0
			],
			"m_rotation" : 
			[
				0.0,
				-0.0,
				0.0
			],
			"m_scale" : 
			[
				1.0,
				0.99994796514511108,
				1.0
			]
		}
	},
	{
		"Children" : 2,
		"Name" : 
		{
			"m_Name" : "CanvasParent",
			"status" : false
		},
		"Transform" : 
		{
			"m_position" : 
			[
				0.0,
				-7.4505805969238281e-09,
				-1.0
			],
			"m_rotation" : 
			[
				0.0,
				-0.0,
				0.0
			],
			"m_scale" : 
			[
				1.0,
				1.0,
				1.0
			]
		}
	},
	{
		"Canvas" : 
		{
			"m_Color" : 
			[
				1.0,
				1.0,
				1.0,
				1.0
			],
			"m_ForceAlpha" : true,
			"m_Ortho" : true,
			"m_SpriteAnimation" : 
			{
				"m_Columns" : 1,
				"m_FrameCounter" : 0.0,
				"m_MaxFrames" : 1,
				"m_Play" : false,
				"m_PlaySpeed" : 1.0,
				"m_Repeat" : false,
				"m_Rows" : 1,
				"m_Tiling" : 
				[
					1.0,
					1.0
				],
				"m_UV_Offset" : 
				[
					0.0,
					0.0
				]
			},
			"m_TexName" : "Small_Reticle.dds"
		},
		"Children" : 0,
		"Name" : 
		{
			"m_Name" : "Crosshair",
			"status" : false
		},
		"Transform" : 
		{
			"m_position" : 
			[
				3.3589858503546566e-06,
				0.0,
				1.0
			],
			"m_rotation" : 
			[
				-6.5137591501174263e-12,
				-4.0970005166229839e-12,
				1.3027204315285701e-11
			],
			"m_scale" : 
			[
				0.10000000149011612,
				0.10000000149011612,
				0.99999994039535522
			]
		}
	},
	{
		"Canvas" : 
		{
			"m_Color" : 
			[
				1.0,
				1.0,
				1.0,
				1.0
			],
			"m_ForceAlpha" : true,
			"m_Ortho" : true,
			"m_SpriteAnimation" : 
			{
				"m_Columns" : 1,
				"m_FrameCounter" : 0.0,
				"m_MaxFrames" : 1,
				"m_Play" : false,
				"m_PlaySpeed" : 1.0,
				"m_Repeat" : false,
				"m_Rows" : 1,
				"m_Tiling" : 
				[
					1.0,
					1.0
				],
				"m_UV_Offset" : 
				[
					0.0,
					0.0
				]
			},
			"m_TexName" : "Large_Reticle.dds"
		},
		"Children" : 0,
		"Name" : 
		{
			"m_Name" : "LargeCrosshair",
			"status" : false
		},
		"Transform" : 
		{
			"m_position" : 
			[
				-2.1027385628258344e-06,
				0.0,
				1.0
			],
			"m_rotation" : 
			[
				-8.68464501702082e-12,
				-4.0656263078364674e-12,
				8.6842599084091532e-12
			],
			"m_scale" : 
			[
				0.25,
				0.25,
				1.0
			]
		}
	},
	{
		"Children" : 7,
		"Name" : 
		{
			"m_Name" : "Control_Points",
			"status" : true
		},
		"PrefabInstance" : 
		{
			"prefab_GUID" : "0b58178d-464d-492e-bcb7-5c006aa19757",
			"prefab_path" : ""
		},
		"Tag" : 
		{
			"m_tag" : "Untagged"
		},
		"Transform" : 
		{
			"m_position" : 
			[
				0.0,
				0.0,
				0.0
			],
			"m_rotation" : 
			[
				0.0,
				-0.0,
				0.0
			],
			"m_scale" : 
			[
				1.0,
				1.0,
				1.0
			]
		}
	},
	{
		"Children" : 0,
		"Name" : 
		{
			"m_Name" : "ControlPoint_5",
			"status" : true
		},
		"Render" : 
		{
			"ColorTint" : 
			[
				1.0,
				1.0,
				1.0
			],
			"EmissiveTint" : 
			[
				1.0,
				1.0,
				1.0
			],
			"RenderModel" : 
			[
				"sphere",
				"Resources/Models\\sphere",
				"Sphere001"
			],
			"UseLight" : 1
		},
		"Tag" : 
		{
			"m_tag" : "5"
		},
		"Transform" : 
		{
			"m_position" : 
			[
				0.0,
				12.305637359619141,
				6.4106287956237793
			],
			"m_rotation" : 
			[
				90.0,
				-0.0,
				0.0
			],
			"m_scale" : 
			[
				0.99996232986450195,
				1.0,
				1.0
			]
		}
	},
	{
		"Children" : 0,
		"Name" : 
		{
			"m_Name" : "ControlPoint_0",
			"status" : true
		},
		"Render" : 
		{
			"ColorTint" : 
			[
				1.0,
				1.0,
				1.0
			],
			"EmissiveTint" : 
			[
				1.0,
				1.0,
				1.0
			],
			"RenderModel" : 
			[
				"sphere",
				"Resources/Models\\sphere",
				"Sphere001"
			],
			"UseLight" : 1
		},
		"Tag" : 
		{
			"m_tag" : "0"
		},
		"Transform" : 
		{
			"m_position" : 
			[
				0.0,
				12.305637359619141,
				16.360113143920898
			],
			"m_rotation" : 
			[
				90.0,
				-0.0,
				0.0
			],
			"m_scale" : 
			[
				0.99997508525848389,
				1.0,
				1.0
			]
		}
	},
	{
		"Children" : 0,
		"Name" : 
		{
			"m_Name" : "ControlPoint_2",
			"status" : true
		},
		"Render" : 
		{
			"ColorTint" : 
			[
				1.0,
				1.0,
				1.0
			],
			"EmissiveTint" : 
			[
				1.0,
				1.0,
				1.0
			],
			"RenderModel" : 
			[
				"sphere",
				"Resources/Models\\sphere",
				"Sphere001"
			],
			"UseLight" : 1
		},
		"Tag" : 
		{
			"m_tag" : "2"
		},
		"Transform" : 
		{
			"m_position" : 
			[
				0.0,
				12.305637359619141,
				12.429764747619629
			],
			"m_rotation" : 
			[
				90.0,
				-0.0,
				0.0
			],
			"m_scale" : 
			[
				0.99998712539672852,
				1.0,
				1.0
			]
		}
	},
	{
		"Children" : 0,
		"Name" : 
		{
			"m_Name" : "ControlPoint_3",
			"status" : true
		},
		"Render" : 
		{
			"ColorTint" : 
			[
				1.0,
				1.0,
				1.0
			],
			"EmissiveTint" : 
			[
				1.0,
				1.0,
				1.0
			],
			"RenderModel" : 
			[
				"sphere",
				"Resources/Models\\sphere",
				"Sphere001"
			],
			"UseLight" : 1
		},
		"Tag" : 
		{
			"m_tag" : "3"
		},
		"Transform" : 
		{
			"m_position" : 
			[
				0.0,
				12.305637359619141,
				10.426058769226074
			],
			"m_rotation" : 
			[
				90.0,
				-0.0,
				0.0
			],
			"m_scale" : 
			[
				0.9999879002571106,
				1.0,
				1.0
			]
		}
	},
	{
		"Children" : 0,
		"Name" : 
		{
			"m_Name" : "ControlPoint_4",
			"status" : true
		},
		"Render" : 
		{
			"ColorTint" : 
			[
				1.0,
				1.0,
				1.0
			],
			"EmissiveTint" : 
			[
				1.0,
				1.0,
				1.0
			],
			"RenderModel" : 
			[
				"sphere",
				"Resources/Models\\sphere",
				"Sphere001"
			],
			"UseLight" : 1
		},
		"Tag" : 
		{
			"m_tag" : "4"
		},
		"Transform" : 
		{
			"m_position" : 
			[
				0.0,
				12.305637359619141,
				8.4033565521240234
			],
			"m_rotation" : 
			[
				90.0,
				-0.0,
				0.0
			],
			"m_scale" : 
			[
				0.99998223781585693,
				1.0,
				1.0
			]
		}
	},
	{
		"Children" : 0,
		"Name" : 
		{
			"m_Name" : "ControlPoint_6",
			"status" : true
		},
		"Render" : 
		{
			"ColorTint" : 
			[
				1.0,
				1.0,
				1.0
			],
			"EmissiveTint" : 
			[
				1.0,
				1.0,
				1.0
			],
			"RenderModel" : 
			[
				"sphere",
				"Resources/Models\\sphere",
				"Sphere001"
			],
			"UseLight" : 1
		},
		"Tag" : 
		{
			"m_tag" : "6"
		},
		"Transform" : 
		{
			"m_position" : 
			[
				0.0,
				12.305637359619141,
				4.6079978942871094
			],
			"m_rotation" : 
			[
				90.0,
				-0.0,
				0.0
			],
			"m_scale" : 
			[
				0.99992698431015015,
				1.0,
				1.0
			]
		}
	},
	{
		"Children" : 0,
		"Name" : 
		{
			"m_Name" : "ControlPoint_1",
			"status" : true
		},
		"Render" : 
		{
			"ColorTint" : 
			[
				1.0,
				1.0,
				1.0
			],
			"EmissiveTint" : 
			[
				1.0,
				1.0,
				1.0
			],
			"RenderModel" : 
			[
				"sphere",
				"Resources/Models\\sphere",
				"Sphere001"
			],
			"UseLight" : 1
		},
		"Tag" : 
		{
			"m_tag" : "1"
		},
		"Transform" : 
		{
			"m_position" : 
			[
				0.0,
				12.305637359619141,
				14.404170989990234
			],
			"m_rotation" : 
			[
				90.0,
				-0.0,
				0.0
			],
			"m_scale" : 
			[
				0.9999656081199646,
				1.0,
				1.0
			]
		}
	},
	{
		"Name" : 
		{
			"m_Name" : "Shield Sparks",
			"status" : true
		},
		"ParticleSystem" : 
		{
			"_EmitterType" : "GENERAL",
			"m_BillboardAxis" : 
			[
				1.0,
				1.0,
				1.0
			],
			"m_Color" : 
			[
				0.0,
				0.37503671646118164,
				1.0,
				1.0
			],
			"m_ConeRadiusMax" : 0.0,
			"m_ConeRadiusMin" : 1.0,
			"m_Delay" : 1.0,
			"m_FollowParent" : false,
			"m_Force" : 
			[
				1.0,
				1.0,
				1.0
			],
			"m_Loop" : false,
			"m_MaxLife" : 1.0,
			"m_MinLife" : 1.0,
			"m_Play" : true,
			"m_RandomRotate" : false,
			"m_Scale" : 
			{
				"m_CurveMax" : 1.0,
				"m_CurveMin" : 0.0,
				"m_CurvePoints" : 
				[
					[
						0.0,
						1.0
					],
					[
						0.1428571492433548,
						1.0
					],
					[
						0.28571429848670959,
						1.0
					],
					[
						0.42857146263122559,
						1.0
					],
					[
						0.57142859697341919,
						1.0
					],
					[
						0.71428573131561279,
						1.0
					],
					[
						0.85714292526245117,
						1.0
					],
					[
						1.0,
						1.0
					]
				],
				"m_MultiplierMax" : 1.0,
				"m_MultiplierMin" : 1.0
			},
			"m_SpawnCount" : 1,
			"m_SpawnDirection" : 
			[
				0.0,
				1.0,
				0.0
			],
			"m_SpawnRadius" : 1.0,
			"m_Speed" : 
			{
				"m_CurveMax" : 1.0,
				"m_CurveMin" : 0.0,
				"m_CurvePoints" : 
				[
					[
						0.0,
						1.0
					],
					[
						0.1428571492433548,
						1.0
					],
					[
						0.28571429848670959,
						1.0
					],
					[
						0.42857146263122559,
						1.0
					],
					[
						0.57142859697341919,
						1.0
					],
					[
						0.71428573131561279,
						1.0
					],
					[
						0.85714292526245117,
						1.0
					],
					[
						1.0,
						1.0
					]
				],
				"m_MultiplierMax" : 1.0,
				"m_MultiplierMin" : 1.0
			},
			"m_SpriteAnimation" : 
			{
				"m_Columns" : 1,
				"m_FrameCounter" : 0.0,
				"m_MaxFrames" : 1,
				"m_Play" : false,
				"m_PlaySpeed" : 1.0,
				"m_Repeat" : false,
				"m_Rows" : 1,
				"m_Tiling" : 
				[
					1.0,
					1.0
				],
				"m_UV_Offset" : 
				[
					0.0,
					0.0
				]
			},
			"m_SubDelay" : 1.0,
			"m_SubSpawnCount" : 1,
			"m_TargetConeScale" : 45.0,
			"m_TexName" : "ParticleTest.dds",
			"m_Trail" : false
		},
		"Tag" : 
		{
			"m_tag" : "Untagged"
		},
		"Transform" : 
		{
			"m_position" : 
			[
				0.0,
				11.727523803710938,
				-13.001592636108398
			],
			"m_rotation" : 
			[
				0.0,
				-0.0,
				0.0
			],
			"m_scale" : 
			[
				1.0,
				1.0,
				1.0
			]
		}
	},
	{
		"Name" : 
		{
			"m_Name" : "Boss Particle Cannon",
			"status" : true
		},
		"ParticleSystem" : 
		{
			"_EmitterType" : "GENERAL",
			"m_BillboardAxis" : 
			[
				1.0,
				1.0,
				1.0
			],
			"m_Color" : 
			[
				1.0,
				1.0,
				1.0,
				1.0
			],
			"m_ConeRadiusMax" : 0.0,
			"m_ConeRadiusMin" : 1.0,
			"m_Delay" : 0.05000000074505806,
			"m_FollowParent" : false,
			"m_Force" : 
			[
				0.0,
				1.0,
				10.0
			],
			"m_Loop" : false,
			"m_MaxLife" : 3.0,
			"m_MinLife" : 3.0,
			"m_Play" : true,
			"m_RandomRotate" : false,
			"m_Scale" : 
			{
				"m_CurveMax" : 1.0,
				"m_CurveMin" : 0.0,
				"m_CurvePoints" : 
				[
					[
						0.0,
						1.0
					],
					[
						0.1428571492433548,
						1.0
					],
					[
						0.28571429848670959,
						1.0
					],
					[
						0.42857146263122559,
						1.0
					],
					[
						0.57142859697341919,
						1.0
					],
					[
						0.71428573131561279,
						1.0
					],
					[
						0.85714292526245117,
						1.0
					],
					[
						1.0,
						1.0
					]
				],
				"m_MultiplierMax" : 1.0,
				"m_MultiplierMin" : 1.0
			},
			"m_SpawnCount" : 1,
			"m_SpawnDirection" : 
			[
				0.0,
				1.0,
				0.0
			],
			"m_SpawnRadius" : 1.0,
			"m_Speed" : 
			{
				"m_CurveMax" : 1.0,
				"m_CurveMin" : 0.0,
				"m_CurvePoints" : 
				[
					[
						0.0,
						1.0
					],
					[
						0.1428571492433548,
						1.0
					],
					[
						0.28571429848670959,
						1.0
					],
					[
						0.42857146263122559,
						1.0
					],
					[
						0.57142859697341919,
						1.0
					],
					[
						0.71428573131561279,
						1.0
					],
					[
						0.85714292526245117,
						1.0
					],
					[
						1.0,
						1.0
					]
				],
				"m_MultiplierMax" : 1.0,
				"m_MultiplierMin" : 1.0
			},
			"m_SpriteAnimation" : 
			{
				"m_Columns" : 1,
				"m_FrameCounter" : 0.0,
				"m_MaxFrames" : 1,
				"m_Play" : false,
				"m_PlaySpeed" : 1.0,
				"m_Repeat" : false,
				"m_Rows" : 1,
				"m_Tiling" : 
				[
					1.0,
					1.0
				],
				"m_UV_Offset" : 
				[
					0.0,
					0.0
				]
			},
			"m_SubDelay" : 1.0,
			"m_SubSpawnCount" : 1,
			"m_TargetConeScale" : 45.0,
			"m_TexName" : "",
			"m_Trail" : false
		},
		"Tag" : 
		{
			"m_tag" : "Untagged"
		},
		"Transform" : 
		{
			"m_position" : 
			[
				0.0,
				12.142816543579102,
				-14.116763114929199
			],
			"m_rotation" : 
			[
				0.0,
				-0.0,
				0.0
			],
			"m_scale" : 
			[
				1.0,
				1.0,
				1.0
			]
		}
	},
	{
		"Canvas" : 
		{
			"m_Color" : 
			[
				1.0,
				1.0,
				1.0,
				1.0
			],
			"m_ForceAlpha" : true,
			"m_Ortho" : true,
			"m_SpriteAnimation" : 
			{
				"m_Columns" : 1,
				"m_FrameCounter" : 0.0,
				"m_MaxFrames" : 1,
				"m_Play" : false,
				"m_PlaySpeed" : 1.0,
				"m_Repeat" : false,
				"m_Rows" : 1,
				"m_Tiling" : 
				[
					1.0,
					1.0
				],
				"m_UV_Offset" : 
				[
					0.0,
					0.0
				]
			},
			"m_TexName" : "snow_diff.dds"
		},
		"Name" : 
		{
			"m_Name" : "L1 Black Screen",
			"status" : false
		},
		"Tag" : 
		{
			"m_tag" : "Untagged"
		},
		"Transform" : 
		{
			"m_position" : 
			[
				0.0,
				0.0,
				0.0
			],
			"m_rotation" : 
			[
				0.0,
				-0.0,
				0.0
			],
			"m_scale" : 
			[
				1.0,
				1.0,
				1.0
			]
		}
	},
	{
		"Children" : 20,
		"Name" : 
		{
			"m_Name" : "Boss",
			"status" : true
		},
		"PrefabInstance" : 
		{
			"prefab_GUID" : "c02e8233-4ace-450e-9478-4836306345ff",
			"prefab_path" : "Resources\\Prefabs\\Boss.prefab"
		},
		"Render" : 
		{
			"ColorTint" : 
			[
				1.0,
				1.0,
				1.0
			],
			"EmissiveTint" : 
			[
				1.0,
				1.0,
				1.0
			],
			"RenderModel" : 
			[
				"Boss",
				"Resources/Models\\Enemy",
				"Boss_Body"
			],
			"UseLight" : 1
		},
		"Rigidbody" : 
		{
			"isKinematic" : false,
			"mass" : 10.0,
			"useGravity" : false
		},
		"Scripting" : 
		{
			"L1Boss" : false
		},
		"Tag" : 
		{
			"m_tag" : "Untagged"
		},
		"Transform" : 
		{
			"m_position" : 
			[
				0.0,
				0.0,
				0.0
			],
			"m_rotation" : 
			[
				0.0,
				-0.0,
				0.0
			],
			"m_scale" : 
			[
				1.0,
				1.0,
				1.0
			]
		}
	},
	{
		"Children" : 3,
		"Name" : 
		{
			"m_Name" : "Right_LaunchingBay",
			"status" : true
		},
		"Render" : 
		{
			"ColorTint" : 
			[
				1.0,
				1.0,
				1.0
			],
			"EmissiveTint" : 
			[
				1.0,
				1.0,
				1.0
			],
			"RenderModel" : 
			[
				"Boss",
				"Resources/Models\\Enemy",
				"Right_LaunchingBay"
			],
			"UseLight" : 1
		},
		"Tag" : 
		{
			"m_tag" : "Untagged"
		},
		"Transform" : 
		{
			"m_position" : 
			[
				-0.058772090822458267,
				2.5493011474609375,
				-4.889366626739502
			],
			"m_rotation" : 
			[
				0.0,
				0.0,
				0.0
			],
			"m_scale" : 
			[
				1.0,
				1.0,
				1.0
			]
		}
	},
	{
		"Children" : 0,
		"Name" : 
		{
			"m_Name" : "Right_Lid_01",
			"status" : true
		},
		"Render" : 
		{
			"ColorTint" : 
			[
				1.0,
				1.0,
				1.0
			],
			"EmissiveTint" : 
			[
				1.0,
				1.0,
				1.0
			],
			"RenderModel" : 
			[
				"Boss",
				"Resources/Models\\Enemy",
				"Right_Lid_01"
			],
			"UseLight" : 1
		},
		"Tag" : 
		{
			"m_tag" : "Untagged"
		},
		"Transform" : 
		{
			"m_position" : 
			[
				-3.8795669078826904,
				1.2908422946929932,
				2.3331303596496582
			],
			"m_rotation" : 
			[
				0.0,
				0.0,
				0.0
			],
			"m_scale" : 
			[
				1.0,
				1.0,
				1.0
			]
		}
	},
	{
		"Children" : 0,
		"Name" : 
		{
			"m_Name" : "Right_Lid_02",
			"status" : true
		},
		"Render" : 
		{
			"ColorTint" : 
			[
				1.0,
				1.0,
				1.0
			],
			"EmissiveTint" : 
			[
				1.0,
				1.0,
				1.0
			],
			"RenderModel" : 
			[
				"Boss",
				"Resources/Models\\Enemy",
				"Right_Lid_02"
			],
			"UseLight" : 1
		},
		"Tag" : 
		{
			"m_tag" : "Untagged"
		},
		"Transform" : 
		{
			"m_position" : 
			[
				-3.9392058849334717,
				1.1344091892242432,
				-0.046572685241699219
			],
			"m_rotation" : 
			[
				0.0,
				0.0,
				0.0
			],
			"m_scale" : 
			[
				1.0,
				1.0,
				1.0
			]
		}
	},
	{
		"Children" : 0,
		"Name" : 
		{
			"m_Name" : "Right_Lid_03",
			"status" : true
		},
		"Render" : 
		{
			"ColorTint" : 
			[
				1.0,
				1.0,
				1.0
			],
			"EmissiveTint" : 
			[
				1.0,
				1.0,
				1.0
			],
			"RenderModel" : 
			[
				"Boss",
				"Resources/Models\\Enemy",
				"Right_Lid_03"
			],
			"UseLight" : 1
		},
		"Tag" : 
		{
			"m_tag" : "Untagged"
		},
		"Transform" : 
		{
			"m_position" : 
			[
				-3.9478514194488525,
				0.60667514801025391,
				-2.3331394195556641
			],
			"m_rotation" : 
			[
				0.0,
				0.0,
				0.0
			],
			"m_scale" : 
			[
				1.0,
				1.0,
				1.0
			]
		}
	},
	{
		"Children" : 0,
		"Name" : 
		{
			"m_Name" : "Right_Eye",
			"status" : true
		},
		"Render" : 
		{
			"ColorTint" : 
			[
				1.0,
				1.0,
				1.0
			],
			"EmissiveTint" : 
			[
				1.0,
				1.0,
				1.0
			],
			"RenderModel" : 
			[
				"Boss",
				"Resources/Models\\Enemy",
				"Right_Eye"
			],
			"UseLight" : 1
		},
		"Tag" : 
		{
			"m_tag" : "Untagged"
		},
		"Transform" : 
		{
			"m_position" : 
			[
				-4.1827316284179688,
				1.8441238403320312,
				1.5320566892623901
			],
			"m_rotation" : 
			[
				0.0,
				0.0,
				0.0
			],
			"m_scale" : 
			[
				1.0,
				1.0,
				1.0
			]
		}
	},
	{
		"Children" : 1,
		"Name" : 
		{
			"m_Name" : "Right_Arm_Middle_Joint",
			"status" : true
		},
		"Render" : 
		{
			"ColorTint" : 
			[
				1.0,
				1.0,
				1.0
			],
			"EmissiveTint" : 
			[
				1.0,
				1.0,
				1.0
			],
			"RenderModel" : 
			[
				"Boss",
				"Resources/Models\\Enemy",
				"Right_Arm_Middle_Joint"
			],
			"UseLight" : 1
		},
		"Tag" : 
		{
			"m_tag" : "Untagged"
		},
		"Transform" : 
		{
			"m_position" : 
			[
				-3.8437576293945312,
				-2.4216382503509521,
				-2.1440999507904053
			],
			"m_rotation" : 
			[
				0.0,
				0.0,
				0.0
			],
			"m_scale" : 
			[
				1.0,
				1.0,
				1.0
			]
		}
	},
	{
		"Children" : 1,
		"Name" : 
		{
			"m_Name" : "Right_Arm_End_Joint",
			"status" : true
		},
		"Render" : 
		{
			"ColorTint" : 
			[
				1.0,
				1.0,
				1.0
			],
			"EmissiveTint" : 
			[
				1.0,
				1.0,
				1.0
			],
			"RenderModel" : 
			[
				"Boss",
				"Resources/Models\\Enemy",
				"Right_Arm_End_Joint"
			],
			"UseLight" : 1
		},
		"Tag" : 
		{
			"m_tag" : "Untagged"
		},
		"Transform" : 
		{
			"m_position" : 
			[
				-5.5597152709960938,
				-3.814697265625e-06,
				-3.814697265625e-06
			],
			"m_rotation" : 
			[
				0.0,
				-0.0,
				0.0
			],
			"m_scale" : 
			[
				1.0,
				1.0,
				1.0
			]
		}
	},
	{
		"Children" : 1,
		"Name" : 
		{
			"m_Name" : "Right_Large_Laser_Body",
			"status" : true
		},
		"Render" : 
		{
			"ColorTint" : 
			[
				1.0,
				1.0,
				1.0
			],
			"EmissiveTint" : 
			[
				1.0,
				1.0,
				1.0
			],
			"RenderModel" : 
			[
				"Boss",
				"Resources/Models\\Enemy",
				"Right_Large_Laser_Body"
			],
			"UseLight" : 1
		},
		"Tag" : 
		{
			"m_tag" : "Untagged"
		},
		"Transform" : 
		{
			"m_position" : 
			[
				-2.706787109375,
				4.76837158203125e-06,
				0.0
			],
			"m_rotation" : 
			[
				0.0,
				-0.0,
				0.0
			],
			"m_scale" : 
			[
				1.0,
				1.0,
				1.0
			]
		}
	},
	{
		"Children" : 0,
		"Name" : 
		{
			"m_Name" : "Right_Large_Laser_Spin",
			"status" : true
		},
		"Render" : 
		{
			"ColorTint" : 
			[
				1.0,
				1.0,
				1.0
			],
			"EmissiveTint" : 
			[
				1.0,
				1.0,
				1.0
			],
			"RenderModel" : 
			[
				"Boss",
				"Resources/Models\\Enemy",
				"Right_Large_Laser_Spin"
			],
			"UseLight" : 1
		},
		"Tag" : 
		{
			"m_tag" : "Untagged"
		},
		"Transform" : 
		{
			"m_position" : 
			[
				-0.1627044677734375,
				-3.814697265625e-06,
				3.0994415283203125e-06
			],
			"m_rotation" : 
			[
				0.0,
				0.0,
				0.0
			],
			"m_scale" : 
			[
				1.0,
				1.0,
				1.0
			]
		}
	},
	{
		"Children" : 0,
		"Name" : 
		{
			"m_Name" : "RailVent_Panels",
			"status" : true
		},
		"Render" : 
		{
			"ColorTint" : 
			[
				1.0,
				1.0,
				1.0
			],
			"EmissiveTint" : 
			[
				1.0,
				1.0,
				1.0
			],
			"RenderModel" : 
			[
				"Boss",
				"Resources/Models\\Enemy",
				"RailVent_Panels"
			],
			"UseLight" : 1
		},
		"Tag" : 
		{
			"m_tag" : "Untagged"
		},
		"Transform" : 
		{
			"m_position" : 
			[
				1.6711577177047729,
				1.6709500551223755,
				0.49022197723388672
			],
			"m_rotation" : 
			[
				0.0,
				0.0,
				0.0
			],
			"m_scale" : 
			[
				1.0,
				1.0,
				1.0
			]
		}
	},
	{
		"Children" : 0,
		"Name" : 
		{
			"m_Name" : "MainLaser_Rails",
			"status" : true
		},
		"Render" : 
		{
			"ColorTint" : 
			[
				1.0,
				1.0,
				1.0
			],
			"EmissiveTint" : 
			[
				1.0,
				1.0,
				1.0
			],
			"RenderModel" : 
			[
				"Boss",
				"Resources/Models\\Enemy",
				"MainLaser_Rails"
			],
			"UseLight" : 1
		},
		"Tag" : 
		{
			"m_tag" : "Untagged"
		},
		"Transform" : 
		{
			"m_position" : 
			[
				1.6711578369140625,
				1.6709499359130859,
				-5.19805908203125
			],
			"m_rotation" : 
			[
				0.0,
				0.0,
				0.0
			],
			"m_scale" : 
			[
				1.0,
				1.0,
				1.0
			]
		}
	},
	{
		"Children" : 0,
		"Name" : 
		{
			"m_Name" : "MainLaser",
			"status" : true
		},
		"Render" : 
		{
			"ColorTint" : 
			[
				1.0,
				1.0,
				1.0
			],
			"EmissiveTint" : 
			[
				1.0,
				1.0,
				1.0
			],
			"RenderModel" : 
			[
				"Boss",
				"Resources/Models\\Enemy",
				"MainLaser"
			],
			"UseLight" : 1
		},
		"Tag" : 
		{
			"m_tag" : "Untagged"
		},
		"Transform" : 
		{
			"m_position" : 
			[
				1.9101501891327644e-07,
				1.2488810341437784e-07,
				-1.8440742492675781
			],
			"m_rotation" : 
			[
				0.0,
				0.0,
				0.0
			],
			"m_scale" : 
			[
				1.0,
				1.0,
				1.0
			]
		}
	},
	{
		"Children" : 3,
		"Name" : 
		{
			"m_Name" : "Left_MiniLaser_Rack",
			"status" : true
		},
		"Render" : 
		{
			"ColorTint" : 
			[
				1.0,
				1.0,
				1.0
			],
			"EmissiveTint" : 
			[
				1.0,
				1.0,
				1.0
			],
			"RenderModel" : 
			[
				"Boss",
				"Resources/Models\\Enemy",
				"Left_MiniLaser_Rack"
			],
			"UseLight" : 1
		},
		"Tag" : 
		{
			"m_tag" : "Untagged"
		},
		"Transform" : 
		{
			"m_position" : 
			[
				5.8207941055297852,
				2.0039291381835938,
				-2.2064321041107178
			],
			"m_rotation" : 
			[
				0.0,
				0.0,
				0.0
			],
			"m_scale" : 
			[
				1.0,
				1.0,
				1.0
			]
		}
	},
	{
		"Children" : 0,
		"Name" : 
		{
			"m_Name" : "Left_MiniLaser_Launcher_01",
			"status" : true
		},
		"Render" : 
		{
			"ColorTint" : 
			[
				1.0,
				1.0,
				1.0
			],
			"EmissiveTint" : 
			[
				1.0,
				1.0,
				1.0
			],
			"RenderModel" : 
			[
				"Boss",
				"Resources/Models\\Enemy",
				"Left_MiniLaser_Launcher_01"
			],
			"UseLight" : 1
		},
		"Tag" : 
		{
			"m_tag" : "Untagged"
		},
		"Transform" : 
		{
			"m_position" : 
			[
				-1.9073486328125e-06,
				1.1999998092651367,
				1.5025647878646851
			],
			"m_rotation" : 
			[
				0.0,
				0.0,
				0.0
			],
			"m_scale" : 
			[
				1.0,
				1.0,
				1.0
			]
		}
	},
	{
		"Children" : 0,
		"Name" : 
		{
			"m_Name" : "Left_MiniLaser_Launcher_02",
			"status" : true
		},
		"Render" : 
		{
			"ColorTint" : 
			[
				1.0,
				1.0,
				1.0
			],
			"EmissiveTint" : 
			[
				1.0,
				1.0,
				1.0
			],
			"RenderModel" : 
			[
				"Boss",
				"Resources/Models\\Enemy",
				"Left_MiniLaser_Launcher_02"
			],
			"UseLight" : 1
		},
		"Tag" : 
		{
			"m_tag" : "Untagged"
		},
		"Transform" : 
		{
			"m_position" : 
			[
				1.0606594085693359,
				1.1999971866607666,
				1.0606594085693359
			],
			"m_rotation" : 
			[
				0.0,
				0.0,
				0.0
			],
			"m_scale" : 
			[
				1.0,
				1.0,
				1.0
			]
		}
	},
	{
		"Children" : 0,
		"Name" : 
		{
			"m_Name" : "Left_MiniLaser_Launcher_03",
			"status" : true
		},
		"Render" : 
		{
			"ColorTint" : 
			[
				1.0,
				1.0,
				1.0
			],
			"EmissiveTint" : 
			[
				1.0,
				1.0,
				1.0
			],
			"RenderModel" : 
			[
				"Boss",
				"Resources/Models\\Enemy",
				"Left_MiniLaser_Launcher_03"
			],
			"UseLight" : 1
		},
		"Tag" : 
		{
			"m_tag" : "Untagged"
		},
		"Transform" : 
		{
			"m_position" : 
			[
				1.5025711059570312,
				1.1999983787536621,
				-0.039159297943115234
			],
			"m_rotation" : 
			[
				0.0,
				0.0,
				0.0
			],
			"m_scale" : 
			[
				1.0,
				1.0,
				1.0
			]
		}
	},
	{
		"Children" : 1,
		"Name" : 
		{
			"m_Name" : "Left_Leg_Middle_Joint",
			"status" : true
		},
		"Render" : 
		{
			"ColorTint" : 
			[
				1.0,
				1.0,
				1.0
			],
			"EmissiveTint" : 
			[
				1.0,
				1.0,
				1.0
			],
			"RenderModel" : 
			[
				"Boss",
				"Resources/Models\\Enemy",
				"Left_Leg_Middle_Joint"
			],
			"UseLight" : 1
		},
		"Tag" : 
		{
			"m_tag" : "Untagged"
		},
		"Transform" : 
		{
			"m_position" : 
			[
				2.7487757205963135,
				-1.7073020935058594,
				-8.0618276596069336
			],
			"m_rotation" : 
			[
				0.0,
				0.0,
				0.0
			],
			"m_scale" : 
			[
				1.0,
				1.0,
				1.0
			]
		}
	},
	{
		"Children" : 0,
		"Name" : 
		{
			"m_Name" : "Left_Leg_End_Joint",
			"status" : true
		},
		"Render" : 
		{
			"ColorTint" : 
			[
				1.0,
				1.0,
				1.0
			],
			"EmissiveTint" : 
			[
				1.0,
				1.0,
				1.0
			],
			"RenderModel" : 
			[
				"Boss",
				"Resources/Models\\Enemy",
				"Left_Leg_End_Joint"
			],
			"UseLight" : 1
		},
		"Tag" : 
		{
			"m_tag" : "Untagged"
		},
		"Transform" : 
		{
			"m_position" : 
			[
				5.0942883491516113,
				-0.23053407669067383,
				2.86102294921875e-06
			],
			"m_rotation" : 
			[
				0.0,
				0.0,
				0.0
			],
			"m_scale" : 
			[
				1.0,
				1.0,
				1.0
			]
		}
	},
	{
		"Children" : 3,
		"Name" : 
		{
			"m_Name" : "Left_LaunchingBay",
			"status" : true
		},
		"Render" : 
		{
			"ColorTint" : 
			[
				1.0,
				1.0,
				1.0
			],
			"EmissiveTint" : 
			[
				1.0,
				1.0,
				1.0
			],
			"RenderModel" : 
			[
				"Boss",
				"Resources/Models\\Enemy",
				"Left_LaunchingBay"
			],
			"UseLight" : 1
		},
		"Tag" : 
		{
			"m_tag" : "Untagged"
		},
		"Transform" : 
		{
			"m_position" : 
			[
				-0.058772090822458267,
				2.5493011474609375,
				-4.889366626739502
			],
			"m_rotation" : 
			[
				0.0,
				0.0,
				0.0
			],
			"m_scale" : 
			[
				1.0,
				1.0,
				1.0
			]
		}
	},
	{
		"Children" : 0,
		"Name" : 
		{
			"m_Name" : "Left_Lid_01",
			"status" : true
		},
		"Render" : 
		{
			"ColorTint" : 
			[
				1.0,
				1.0,
				1.0
			],
			"EmissiveTint" : 
			[
				1.0,
				1.0,
				1.0
			],
			"RenderModel" : 
			[
				"Boss",
				"Resources/Models\\Enemy",
				"Left_Lid_01"
			],
			"UseLight" : 1
		},
		"Tag" : 
		{
			"m_tag" : "Untagged"
		},
		"Transform" : 
		{
			"m_position" : 
			[
				3.8795654773712158,
				1.2908389568328857,
				2.3331351280212402
			],
			"m_rotation" : 
			[
				0.0,
				-0.0,
				0.0
			],
			"m_scale" : 
			[
				1.0,
				1.0,
				1.0
			]
		}
	},
	{
		"Children" : 0,
		"Name" : 
		{
			"m_Name" : "Left_Lid_02",
			"status" : true
		},
		"Render" : 
		{
			"ColorTint" : 
			[
				1.0,
				1.0,
				1.0
			],
			"EmissiveTint" : 
			[
				1.0,
				1.0,
				1.0
			],
			"RenderModel" : 
			[
				"Boss",
				"Resources/Models\\Enemy",
				"Left_Lid_02"
			],
			"UseLight" : 1
		},
		"Tag" : 
		{
			"m_tag" : "Untagged"
		},
		"Transform" : 
		{
			"m_position" : 
			[
				3.9392046928405762,
				1.1344053745269775,
				-0.046567916870117188
			],
			"m_rotation" : 
			[
				0.0,
				0.0,
				0.0
			],
			"m_scale" : 
			[
				1.0,
				1.0,
				1.0
			]
		}
	},
	{
		"Children" : 0,
		"Name" : 
		{
			"m_Name" : "Left_Lid_03",
			"status" : true
		},
		"Render" : 
		{
			"ColorTint" : 
			[
				1.0,
				1.0,
				1.0
			],
			"EmissiveTint" : 
			[
				1.0,
				1.0,
				1.0
			],
			"RenderModel" : 
			[
				"Boss",
				"Resources/Models\\Enemy",
				"Left_Lid_03"
			],
			"UseLight" : 1
		},
		"Tag" : 
		{
			"m_tag" : "Untagged"
		},
		"Transform" : 
		{
			"m_position" : 
			[
				3.9478557109832764,
				0.60667300224304199,
				-2.3331356048583984
			],
			"m_rotation" : 
			[
				0.0,
				0.0,
				0.0
			],
			"m_scale" : 
			[
				1.0,
				1.0,
				1.0
			]
		}
	},
	{
		"Children" : 0,
		"Name" : 
		{
			"m_Name" : "Left_Eye",
			"status" : true
		},
		"Render" : 
		{
			"ColorTint" : 
			[
				1.0,
				1.0,
				1.0
			],
			"EmissiveTint" : 
			[
				1.0,
				1.0,
				1.0
			],
			"RenderModel" : 
			[
				"Boss",
				"Resources/Models\\Enemy",
				"Left_Eye"
			],
			"UseLight" : 1
		},
		"Tag" : 
		{
			"m_tag" : "Untagged"
		},
		"Transform" : 
		{
			"m_position" : 
			[
				4.1827316284179688,
				1.8441238403320312,
				1.5320566892623901
			],
			"m_rotation" : 
			[
				0.0,
				0.0,
				0.0
			],
			"m_scale" : 
			[
				1.0,
				1.0,
				1.0
			]
		}
	},
	{
		"Children" : 1,
		"Name" : 
		{
			"m_Name" : "Left_Arm_Middle_Joint",
			"status" : true
		},
		"Render" : 
		{
			"ColorTint" : 
			[
				1.0,
				1.0,
				1.0
			],
			"EmissiveTint" : 
			[
				1.0,
				1.0,
				1.0
			],
			"RenderModel" : 
			[
				"Boss",
				"Resources/Models\\Enemy",
				"Left_Arm_Middle_Joint"
			],
			"UseLight" : 1
		},
		"Tag" : 
		{
			"m_tag" : "Untagged"
		},
		"Transform" : 
		{
			"m_position" : 
			[
				3.8437957763671875,
				-2.4216387271881104,
				-2.1441001892089844
			],
			"m_rotation" : 
			[
				0.0,
				0.0,
				0.0
			],
			"m_scale" : 
			[
				1.0,
				1.0,
				1.0
			]
		}
	},
	{
		"Children" : 1,
		"Name" : 
		{
			"m_Name" : "Left_Arm_End_Joint",
			"status" : true
		},
		"Render" : 
		{
			"ColorTint" : 
			[
				1.0,
				1.0,
				1.0
			],
			"EmissiveTint" : 
			[
				1.0,
				1.0,
				1.0
			],
			"RenderModel" : 
			[
				"Boss",
				"Resources/Models\\Enemy",
				"Left_Arm_End_Joint"
			],
			"UseLight" : 1
		},
		"Tag" : 
		{
			"m_tag" : "Untagged"
		},
		"Transform" : 
		{
			"m_position" : 
			[
				5.5597076416015625,
				-4.291534423828125e-06,
				4.76837158203125e-07
			],
			"m_rotation" : 
			[
				0.0,
				0.0,
				0.0
			],
			"m_scale" : 
			[
				1.0,
				1.0,
				1.0
			]
		}
	},
	{
		"Children" : 1,
		"Name" : 
		{
			"m_Name" : "Left_Large_Laser_Body",
			"status" : true
		},
		"Render" : 
		{
			"ColorTint" : 
			[
				1.0,
				1.0,
				1.0
			],
			"EmissiveTint" : 
			[
				1.0,
				1.0,
				1.0
			],
			"RenderModel" : 
			[
				"Boss",
				"Resources/Models\\Enemy",
				"Left_Large_Laser_Body"
			],
			"UseLight" : 1
		},
		"Tag" : 
		{
			"m_tag" : "Untagged"
		},
		"Transform" : 
		{
			"m_position" : 
			[
				2.706787109375,
				-1.9073486328125e-06,
				5.7220458984375e-06
			],
			"m_rotation" : 
			[
				0.0,
				-0.0,
				0.0
			],
			"m_scale" : 
			[
				1.0,
				1.0,
				1.0
			]
		}
	},
	{
		"Children" : 0,
		"Name" : 
		{
			"m_Name" : "Left_Large_Laser_Spin",
			"status" : true
		},
		"Render" : 
		{
			"ColorTint" : 
			[
				1.0,
				1.0,
				1.0
			],
			"EmissiveTint" : 
			[
				1.0,
				1.0,
				1.0
			],
			"RenderModel" : 
			[
				"Boss",
				"Resources/Models\\Enemy",
				"Left_Large_Laser_Spin"
			],
			"UseLight" : 1
		},
		"Tag" : 
		{
			"m_tag" : "Untagged"
		},
		"Transform" : 
		{
			"m_position" : 
			[
				0.1627044677734375,
				1.430511474609375e-06,
				2.384185791015625e-07
			],
			"m_rotation" : 
			[
				0.0,
				0.0,
				0.0
			],
			"m_scale" : 
			[
				1.0,
				1.0,
				1.0
			]
		}
	},
	{
		"Children" : 2,
		"Name" : 
		{
			"m_Name" : "FalseCore",
			"status" : true
		},
		"Render" : 
		{
			"ColorTint" : 
			[
				1.0,
				1.0,
				1.0
			],
			"EmissiveTint" : 
			[
				1.0,
				1.0,
				1.0
			],
			"RenderModel" : 
			[
				"Boss",
				"Resources/Models\\Enemy",
				"FalseCore"
			],
			"UseLight" : 1
		},
		"Tag" : 
		{
			"m_tag" : "Untagged"
		},
		"Transform" : 
		{
			"m_position" : 
			[
				0.00020899175433441997,
				-7.152557373046875e-07,
				0.03933560848236084
			],
			"m_rotation" : 
			[
				0.0,
				0.0,
				0.0
			],
			"m_scale" : 
			[
				1.0,
				1.0,
				1.0
			]
		}
	},
	{
		"Children" : 0,
		"Name" : 
		{
			"m_Name" : "Mouth_L",
			"status" : true
		},
		"Render" : 
		{
			"ColorTint" : 
			[
				1.0,
				1.0,
				1.0
			],
			"EmissiveTint" : 
			[
				1.0,
				1.0,
				1.0
			],
			"RenderModel" : 
			[
				"Boss",
				"Resources/Models\\Enemy",
				"Mouth_L"
			],
			"UseLight" : 1
		},
		"Tag" : 
		{
			"m_tag" : "Untagged"
		},
		"Transform" : 
		{
			"m_position" : 
			[
				-2.8943759389221668e-08,
				-4.2487101836741203e-08,
				0.30243980884552002
			],
			"m_rotation" : 
			[
				0.0,
				0.0,
				0.0
			],
			"m_scale" : 
			[
				1.0,
				1.0,
				1.0
			]
		}
	},
	{
		"Children" : 0,
		"Name" : 
		{
			"m_Name" : "Mouth_R",
			"status" : true
		},
		"Render" : 
		{
			"ColorTint" : 
			[
				1.0,
				1.0,
				1.0
			],
			"EmissiveTint" : 
			[
				1.0,
				1.0,
				1.0
			],
			"RenderModel" : 
			[
				"Boss",
				"Resources/Models\\Enemy",
				"Mouth_R"
			],
			"UseLight" : 1
		},
		"Tag" : 
		{
			"m_tag" : "Untagged"
		},
		"Transform" : 
		{
			"m_position" : 
			[
				-2.8943759389221668e-08,
				-4.2487101836741203e-08,
				0.30243980884552002
			],
			"m_rotation" : 
			[
				0.0,
				0.0,
				0.0
			],
			"m_scale" : 
			[
				1.0,
				1.0,
				1.0
			]
		}
	},
	{
		"Children" : 1,
		"Name" : 
		{
			"m_Name" : "Arti_Base",
			"status" : true
		},
		"Render" : 
		{
			"ColorTint" : 
			[
				1.0,
				1.0,
				1.0
			],
			"EmissiveTint" : 
			[
				1.0,
				1.0,
				1.0
			],
			"RenderModel" : 
			[
				"Boss",
				"Resources/Models\\Enemy",
				"Arti_Base"
			],
			"UseLight" : 1
		},
		"Tag" : 
		{
			"m_tag" : "Untagged"
		},
		"Transform" : 
		{
			"m_position" : 
			[
				-1.9710375909198774e-07,
				2.2034914493560791,
				-6.9960942268371582
			],
			"m_rotation" : 
			[
				0.0,
				0.0,
				0.0
			],
			"m_scale" : 
			[
				1.0,
				1.0,
				1.0
			]
		}
	},
	{
		"Children" : 1,
		"Name" : 
		{
			"m_Name" : "Arti_Axis",
			"status" : true
		},
		"Render" : 
		{
			"ColorTint" : 
			[
				1.0,
				1.0,
				1.0
			],
			"EmissiveTint" : 
			[
				1.0,
				1.0,
				1.0
			],
			"RenderModel" : 
			[
				"Boss",
				"Resources/Models\\Enemy",
				"Arti_Axis"
			],
			"UseLight" : 1
		},
		"Tag" : 
		{
			"m_tag" : "Untagged"
		},
		"Transform" : 
		{
			"m_position" : 
			[
				-2.1848336473340169e-08,
				2.384185791015625e-07,
				0.1287689208984375
			],
			"m_rotation" : 
			[
				0.0,
				0.0,
				0.0
			],
			"m_scale" : 
			[
				1.0,
				1.0,
				1.0
			]
		}
	},
	{
		"Children" : 0,
		"Name" : 
		{
			"m_Name" : "Arti_Barrel",
			"status" : true
		},
		"Render" : 
		{
			"ColorTint" : 
			[
				1.0,
				1.0,
				1.0
			],
			"EmissiveTint" : 
			[
				1.0,
				1.0,
				1.0
			],
			"RenderModel" : 
			[
				"Boss",
				"Resources/Models\\Enemy",
				"Arti_Barrel"
			],
			"UseLight" : 1
		},
		"Tag" : 
		{
			"m_tag" : "Untagged"
		},
		"Transform" : 
		{
			"m_position" : 
			[
				5.320472610037541e-06,
				10.309344291687012,
				-9.5367431640625e-07
			],
			"m_rotation" : 
			[
				0.0,
				0.0,
				0.0
			],
			"m_scale" : 
			[
				1.0,
				1.0,
				1.0
			]
		}
	},
	{
		"Children" : 0,
		"Name" : 
		{
			"m_Name" : "Right_MiniLaser_Launcher_01",
			"status" : true
		},
		"Render" : 
		{
			"ColorTint" : 
			[
				1.0,
				1.0,
				1.0
			],
			"EmissiveTint" : 
			[
				1.0,
				1.0,
				1.0
			],
			"RenderModel" : 
			[
				"Boss",
				"Resources/Models\\Enemy",
				"Right_MiniLaser_Launcher_01"
			],
			"UseLight" : 1
		},
		"Tag" : 
		{
			"m_tag" : "Untagged"
		},
		"Transform" : 
		{
			"m_position" : 
			[
				-5.9383411407470703,
				3.2039263248443604,
				-0.70386648178100586
			],
			"m_rotation" : 
			[
				0.0,
				0.0,
				0.0
			],
			"m_scale" : 
			[
				1.0,
				1.0,
				1.0
			]
		}
	},
	{
		"Children" : 0,
		"Name" : 
		{
			"m_Name" : "Right_MiniLaser_Launcher_02",
			"status" : true
		},
		"Render" : 
		{
			"ColorTint" : 
			[
				1.0,
				1.0,
				1.0
			],
			"EmissiveTint" : 
			[
				1.0,
				1.0,
				1.0
			],
			"RenderModel" : 
			[
				"Boss",
				"Resources/Models\\Enemy",
				"Right_MiniLaser_Launcher_02"
			],
			"UseLight" : 1
		},
		"Tag" : 
		{
			"m_tag" : "Untagged"
		},
		"Transform" : 
		{
			"m_position" : 
			[
				-6.9989948272705078,
				3.2039248943328857,
				-1.1457747220993042
			],
			"m_rotation" : 
			[
				0.0,
				0.0,
				0.0
			],
			"m_scale" : 
			[
				1.0,
				1.0,
				1.0
			]
		}
	},
	{
		"Children" : 0,
		"Name" : 
		{
			"m_Name" : "Right_MiniLaser_Launcher_03",
			"status" : true
		},
		"Render" : 
		{
			"ColorTint" : 
			[
				1.0,
				1.0,
				1.0
			],
			"EmissiveTint" : 
			[
				1.0,
				1.0,
				1.0
			],
			"RenderModel" : 
			[
				"Boss",
				"Resources/Models\\Enemy",
				"Right_MiniLaser_Launcher_03"
			],
			"UseLight" : 1
		},
		"Tag" : 
		{
			"m_tag" : "Untagged"
		},
		"Transform" : 
		{
			"m_position" : 
			[
				-7.4409027099609375,
				3.2039246559143066,
				-2.2455911636352539
			],
			"m_rotation" : 
			[
				0.0,
				0.0,
				0.0
			],
			"m_scale" : 
			[
				1.0,
				1.0,
				1.0
			]
		}
	},
	{
		"Children" : 1,
		"Name" : 
		{
			"m_Name" : "Right_Leg_Middle_Joint",
			"status" : true
		},
		"Render" : 
		{
			"ColorTint" : 
			[
				1.0,
				1.0,
				1.0
			],
			"EmissiveTint" : 
			[
				1.0,
				1.0,
				1.0
			],
			"RenderModel" : 
			[
				"Boss",
				"Resources/Models\\Enemy",
				"Right_Leg_Middle_Joint"
			],
			"UseLight" : 1
		},
		"Tag" : 
		{
			"m_tag" : "Untagged"
		},
		"Transform" : 
		{
			"m_position" : 
			[
				-2.7485959529876709,
				-1.7073020935058594,
				-8.06182861328125
			],
			"m_rotation" : 
			[
				0.0,
				0.0,
				0.0
			],
			"m_scale" : 
			[
				1.0,
				1.0,
				1.0
			]
		}
	},
	{
		"Children" : 0,
		"Name" : 
		{
			"m_Name" : "Right_Leg_End_Joint",
			"status" : true
		},
		"Render" : 
		{
			"ColorTint" : 
			[
				1.0,
				1.0,
				1.0
			],
			"EmissiveTint" : 
			[
				1.0,
				1.0,
				1.0
			],
			"RenderModel" : 
			[
				"Boss",
				"Resources/Models\\Enemy",
				"Right_Leg_End_Joint"
			],
			"UseLight" : 1
		},
		"Tag" : 
		{
			"m_tag" : "Untagged"
		},
		"Transform" : 
		{
			"m_position" : 
			[
				-5.0942997932434082,
				-0.23053312301635742,
				-4.76837158203125e-06
			],
			"m_rotation" : 
			[
				0.0,
				0.0,
				0.0
			],
			"m_scale" : 
			[
				1.0,
				1.0,
				1.0
			]
		}
	},
	{
		"Children" : 0,
		"Name" : 
		{
			"m_Name" : "Right_MiniLaser_Rack",
			"status" : true
		},
		"Render" : 
		{
			"ColorTint" : 
			[
				1.0,
				1.0,
				1.0
			],
			"EmissiveTint" : 
			[
				1.0,
				1.0,
				1.0
			],
			"RenderModel" : 
			[
				"Boss",
				"Resources/Models\\Enemy",
				"Right_MiniLaser_Rack"
			],
			"UseLight" : 1
		},
		"Tag" : 
		{
			"m_tag" : "Untagged"
		},
		"Transform" : 
		{
			"m_position" : 
			[
				-5.9383382797241211,
				2.0039253234863281,
				-2.2064363956451416
			],
			"m_rotation" : 
			[
				0.0,
				0.0,
				0.0
			],
			"m_scale" : 
			[
				1.0,
				1.0,
				1.0
			]
		}
	},
	{
		"Children" : 0,
		"Name" : 
		{
			"m_Name" : "BossBehaviourCore",
			"status" : true
		},
		"Rigidbody" : 
		{
			"isKinematic" : true,
			"mass" : 10.0,
			"useGravity" : false
		},
		"ScriptVariables" : 
		[
			{
				"Data" : 150.0,
				"Name" : "CoreHealth",
				"Type" : 0
			},
			{
				"Data" : 60.0,
				"Name" : "CoreProtectionThreshold",
				"Type" : 0
			},
			{
				"Data" : 5.0,
				"Name" : "CoreProtectionDamageDuration",
				"Type" : 0
			},
			{
				"Data" : 0.5,
				"Name" : "DurationBetweenEnemySpawns",
				"Type" : 0
			}
		],
		"Scripting" : 
		{
			"L1BossBehaviour" : false
		},
		"SphereCollider" : 
		{
			"centre" : 
			[
				0.0,
				0.0,
				0.0
			],
			"collisionLayer" : "ENEMY",
			"isStatic" : false,
			"isTrigger" : true,
			"radius" : 3.0
		},
		"Tag" : 
		{
			"m_tag" : "BossBehaviourController"
		},
		"Transform" : 
		{
			"m_position" : 
			[
				0.0,
				12.91783618927002,
				-3.3753790855407715
			],
			"m_rotation" : 
			[
				0.0,
				-0.0,
				0.0
			],
			"m_scale" : 
			[
				1.0,
				1.0,
				1.0
			]
		}
	},
	{
		"Children" : 6,
		"Name" : 
		{
			"m_Name" : "BossPanelSpawnPoints",
			"status" : true
		},
		"Tag" : 
		{
			"m_tag" : "Untagged"
		},
		"Transform" : 
		{
			"m_position" : 
			[
				0.0,
				0.0,
				0.0
			],
			"m_rotation" : 
			[
				0.0,
				-0.0,
				0.0
			],
			"m_scale" : 
			[
				1.0,
				1.0,
				1.0
			]
		}
	},
	{
		"Children" : 0,
		"Name" : 
		{
			"m_Name" : "1",
			"status" : true
		},
		"Tag" : 
		{
			"m_tag" : "Untagged"
		},
		"Transform" : 
		{
			"m_position" : 
			[
				-4.7699332237243652,
				3.4958646297454834,
				-2.5277678966522217
			],
			"m_rotation" : 
			[
				0.0,
				-0.0,
				0.0
			],
			"m_scale" : 
			[
				1.0,
				1.0,
				1.0
			]
		}
	},
	{
		"Children" : 0,
		"Name" : 
		{
			"m_Name" : "2",
			"status" : true
		},
		"Tag" : 
		{
			"m_tag" : "Untagged"
		},
		"Transform" : 
		{
			"m_position" : 
			[
				-4.7699332237243652,
				3.2251443862915039,
				-4.9478540420532227
			],
			"m_rotation" : 
			[
				0.0,
				-0.0,
				0.0
			],
			"m_scale" : 
			[
				1.0,
				1.0,
				1.0
			]
		}
	},
	{
		"Children" : 0,
		"Name" : 
		{
			"m_Name" : "3",
			"status" : true
		},
		"Tag" : 
		{
			"m_tag" : "Untagged"
		},
		"Transform" : 
		{
			"m_position" : 
			[
				-4.7699332237243652,
				2.728640079498291,
				-7.2370028495788574
			],
			"m_rotation" : 
			[
				0.0,
				-0.0,
				0.0
			],
			"m_scale" : 
			[
				1.0,
				1.0,
				1.0
			]
		}
	},
	{
		"Children" : 0,
		"Name" : 
		{
			"m_Name" : "4",
			"status" : true
		},
		"Tag" : 
		{
			"m_tag" : "Untagged"
		},
		"Transform" : 
		{
			"m_position" : 
			[
				4.634192943572998,
				3.4958646297454834,
				-2.5277678966522217
			],
			"m_rotation" : 
			[
				0.0,
				-0.0,
				0.0
			],
			"m_scale" : 
			[
				1.0,
				1.0,
				1.0
			]
		}
	},
	{
		"Children" : 0,
		"Name" : 
		{
			"m_Name" : "5",
			"status" : true
		},
		"Tag" : 
		{
			"m_tag" : "Untagged"
		},
		"Transform" : 
		{
			"m_position" : 
			[
				4.634192943572998,
				3.2251443862915039,
				-4.9478540420532227
			],
			"m_rotation" : 
			[
				0.0,
				-0.0,
				0.0
			],
			"m_scale" : 
			[
				1.0,
				1.0,
				1.0
			]
		}
	},
	{
		"Children" : 0,
		"Name" : 
		{
			"m_Name" : "6",
			"status" : true
		},
		"Tag" : 
		{
			"m_tag" : "Untagged"
		},
		"Transform" : 
		{
			"m_position" : 
			[
				4.634192943572998,
				2.728640079498291,
				-7.2370028495788574
			],
			"m_rotation" : 
			[
				0.0,
				-0.0,
				0.0
			],
			"m_scale" : 
			[
				1.0,
				1.0,
				1.0
			]
		}
	},
	{
		"Children" : 5,
		"Name" : 
		{
			"m_Name" : "Warning Screen Parent",
			"status" : true
		},
		"Rigidbody" : 
		{
			"isKinematic" : false,
			"mass" : 10.0,
			"useGravity" : false
		},
		"Scripting" : 
		{
			"BossWarning" : false
		},
		"Tag" : 
		{
			"m_tag" : "Untagged"
		},
		"Transform" : 
		{
			"m_position" : 
			[
				0.0,
				0.0,
				0.0
			],
			"m_rotation" : 
			[
				0.0,
				0.0,
				0.0
			],
			"m_scale" : 
			[
				1.0,
				1.0,
				1.0
			]
		}
	},
	{
		"Canvas" : 
		{
			"m_Color" : 
			[
				1.0,
				1.0,
				1.0,
				1.0
			],
			"m_ForceAlpha" : false,
			"m_Ortho" : true,
			"m_SpriteAnimation" : 
			{
				"m_Columns" : 2,
				"m_FrameCounter" : 3.0,
				"m_MaxFrames" : 4,
				"m_Play" : false,
				"m_PlaySpeed" : 1.0,
				"m_Repeat" : false,
				"m_Rows" : 2,
				"m_Tiling" : 
				[
					0.5,
					0.5
				],
				"m_UV_Offset" : 
				[
					0.5,
					1.0
				]
			},
			"m_TexName" : "2048_ExportSheet_02.dds"
		},
		"Children" : 0,
		"Name" : 
		{
			"m_Name" : "Warning Screen Left",
			"status" : true
		},
		"Tag" : 
		{
			"m_tag" : "Untagged"
		},
		"Transform" : 
		{
			"m_position" : 
			[
				-0.89999997615814209,
				0.0,
				0.0
			],
			"m_rotation" : 
			[
				0.0,
				0.0,
				0.0
			],
			"m_scale" : 
			[
				1.1000000238418579,
				1.1000000238418579,
				1.0
			]
		}
	},
	{
		"Canvas" : 
		{
			"m_Color" : 
			[
				1.0,
				1.0,
				1.0,
				1.0
			],
			"m_ForceAlpha" : false,
			"m_Ortho" : true,
			"m_SpriteAnimation" : 
			{
				"m_Columns" : 2,
				"m_FrameCounter" : 3.0,
				"m_MaxFrames" : 4,
				"m_Play" : false,
				"m_PlaySpeed" : 1.0,
				"m_Repeat" : false,
				"m_Rows" : 2,
				"m_Tiling" : 
				[
					0.5,
					0.5
				],
				"m_UV_Offset" : 
				[
					0.5,
					1.0
				]
			},
			"m_TexName" : "2048_ExportSheet_02.dds"
		},
		"Children" : 0,
		"Name" : 
		{
			"m_Name" : "Warning Screen Right",
			"status" : true
		},
		"Tag" : 
		{
			"m_tag" : "Untagged"
		},
		"Transform" : 
		{
			"m_position" : 
			[
				0.89999997615814209,
				0.0,
				0.0
			],
			"m_rotation" : 
			[
				0.0,
				-0.0,
				0.0
			],
			"m_scale" : 
			[
				-1.1000000238418579,
				1.1000000238418579,
				1.0
			]
		}
	},
	{
		"Canvas" : 
		{
			"m_Color" : 
			[
				1.0,
				0.0,
				0.0,
				1.0
			],
			"m_ForceAlpha" : false,
			"m_Ortho" : true,
			"m_SpriteAnimation" : 
			{
				"m_Columns" : 2,
				"m_FrameCounter" : 2.0,
				"m_MaxFrames" : 4,
				"m_Play" : false,
				"m_PlaySpeed" : 1.0,
				"m_Repeat" : false,
				"m_Rows" : 2,
				"m_Tiling" : 
				[
					0.5,
					0.5
				],
				"m_UV_Offset" : 
				[
					0.0,
					1.0
				]
			},
			"m_TexName" : "2048_ExportSheet_02.dds"
		},
		"Children" : 0,
		"Name" : 
		{
			"m_Name" : "Warning Backing Right",
			"status" : true
		},
		"Tag" : 
		{
			"m_tag" : "Untagged"
		},
		"Transform" : 
		{
			"m_position" : 
			[
				1.1000000238418579,
				0.0,
				0.0
			],
			"m_rotation" : 
			[
				0.0,
				-0.0,
				180.0
			],
			"m_scale" : 
			[
				1.1000000238418579,
				1.1000000238418579,
				1.0
			]
		}
	},
	{
		"Canvas" : 
		{
			"m_Color" : 
			[
				0.37209302186965942,
				0.0,
				0.0,
				1.0
			],
			"m_ForceAlpha" : false,
			"m_Ortho" : true,
			"m_SpriteAnimation" : 
			{
				"m_Columns" : 2,
				"m_FrameCounter" : 2.0,
				"m_MaxFrames" : 4,
				"m_Play" : false,
				"m_PlaySpeed" : 1.0,
				"m_Repeat" : false,
				"m_Rows" : 2,
				"m_Tiling" : 
				[
					0.5,
					0.5
				],
				"m_UV_Offset" : 
				[
					0.0,
					1.0
				]
			},
			"m_TexName" : "2048_ExportSheet_02.dds"
		},
		"Children" : 0,
		"Name" : 
		{
			"m_Name" : "Warning Backing Left",
			"status" : true
		},
		"Tag" : 
		{
			"m_tag" : "Untagged"
		},
		"Transform" : 
		{
			"m_position" : 
			[
				-1.1000000238418579,
				0.0,
				-0.0099999997764825821
			],
			"m_rotation" : 
			[
				0.0,
				-0.0,
				0.0
			],
			"m_scale" : 
			[
				1.1000000238418579,
				1.1000000238418579,
				1.0
			]
		}
	},
	{
		"Canvas" : 
		{
			"m_Color" : 
			[
				1.0,
				0.99998998641967773,
				0.99998998641967773,
				1.0
			],
			"m_ForceAlpha" : false,
			"m_Ortho" : true,
			"m_SpriteAnimation" : 
			{
				"m_Columns" : 4,
				"m_FrameCounter" : 2.0,
				"m_MaxFrames" : 4,
				"m_Play" : false,
				"m_PlaySpeed" : 1.0,
				"m_Repeat" : false,
				"m_Rows" : 4,
				"m_Tiling" : 
				[
					0.25,
					0.25
				],
				"m_UV_Offset" : 
				[
					0.5,
					0.25
				]
			},
			"m_TexName" : "1024_ExportSheet_01.dds"
		},
		"Children" : 0,
		"Name" : 
		{
			"m_Name" : "Warning Text",
			"status" : true
		},
		"Tag" : 
		{
			"m_tag" : "Untagged"
		},
		"Transform" : 
		{
			"m_position" : 
			[
				-1.0,
				0.0,
				0.0
			],
			"m_rotation" : 
			[
				0.0,
				-0.0,
				0.0
			],
			"m_scale" : 
			[
				0.60000002384185791,
				0.60000002384185791,
				1.0
			]
		}
	}
]