[
	{
		"AudioSource" : 
		{
			"Clip0" : 
			{
				"Dir" : "Resources/Audio\\GameBGM_Menu.ogg",
				"UpdatePos" : true,
				"Volume" : 0.10000000149011612
			}
		},
		"Children" : 16,
		"Name" : 
		{
			"m_Name" : "MainMenuController",
			"status" : true
		},
		"Rigidbody" : 
		{
			"isKinematic" : false,
			"mass" : 10.0,
			"useGravity" : false
		},
		"Scripting" : 
		{
			"MainMenuController" : false
		},
		"Tag" : 
		{
			"m_tag" : "Untagged"
		},
		"Transform" : 
		{
			"m_position" : 
			[
				0.0,
				0.0,
				-1.0
			],
			"m_rotation" : 
			[
				0.0,
				-0.0,
				0.0
			],
			"m_scale" : 
			[
				1.0,
				1.0,
				1.0
			]
		}
	},
	{
		"Canvas" : 
		{
			"m_Color" : 
			[
				1.0,
				1.0,
				1.0,
				1.0
			],
			"m_ForceAlpha" : false,
			"m_Ortho" : true,
			"m_SpriteAnimation" : 
			{
				"m_Columns" : 8,
				"m_FrameCounter" : 1.0,
				"m_MaxFrames" : 64,
				"m_Play" : false,
				"m_PlaySpeed" : 1.0,
				"m_Repeat" : false,
				"m_Rows" : 8,
				"m_Tiling" : 
				[
					0.125,
					0.125
				],
				"m_UV_Offset" : 
				[
					0.125,
					0.125
				]
			},
			"m_TexName" : "512_ExportSheet_01.dds"
		},
		"Children" : 0,
		"Name" : 
		{
			"m_Name" : "Start Button Faded",
			"status" : true
		},
		"Tag" : 
		{
			"m_tag" : "Untagged"
		},
		"Transform" : 
		{
			"m_position" : 
			[
				0.37999999523162842,
				-0.22499999403953552,
				0.95999997854232788
			],
			"m_rotation" : 
			[
				0.0,
				-0.0,
				0.0
			],
			"m_scale" : 
			[
				0.25,
				0.25,
				1.0
			]
		}
	},
	{
		"Canvas" : 
		{
			"m_Color" : 
			[
				1.0,
				1.0,
				1.0,
				1.0
			],
			"m_ForceAlpha" : false,
			"m_Ortho" : true,
			"m_SpriteAnimation" : 
			{
				"m_Columns" : 8,
				"m_FrameCounter" : 3.0,
				"m_MaxFrames" : 64,
				"m_Play" : false,
				"m_PlaySpeed" : 1.0,
				"m_Repeat" : false,
				"m_Rows" : 8,
				"m_Tiling" : 
				[
					0.125,
					0.125
				],
				"m_UV_Offset" : 
				[
					0.375,
					0.125
				]
			},
			"m_TexName" : "512_ExportSheet_01.dds"
		},
		"Children" : 0,
		"Name" : 
		{
			"m_Name" : "How To Play Button Faded",
			"status" : false
		},
		"Tag" : 
		{
			"m_tag" : "Untagged"
		},
		"Transform" : 
		{
			"m_position" : 
			[
				0.37999999523162842,
				-0.22499999403953552,
				0.95999997854232788
			],
			"m_rotation" : 
			[
				0.0,
				-0.0,
				0.0
			],
			"m_scale" : 
			[
				0.25,
				0.25,
				1.0
			]
		}
	},
	{
		"Canvas" : 
		{
			"m_Color" : 
			[
				1.0,
				1.0,
				1.0,
				1.0
			],
			"m_ForceAlpha" : false,
			"m_Ortho" : true,
			"m_SpriteAnimation" : 
			{
				"m_Columns" : 8,
				"m_FrameCounter" : 5.0,
				"m_MaxFrames" : 64,
				"m_Play" : false,
				"m_PlaySpeed" : 1.0,
				"m_Repeat" : false,
				"m_Rows" : 8,
				"m_Tiling" : 
				[
					0.125,
					0.125
				],
				"m_UV_Offset" : 
				[
					0.625,
					0.125
				]
			},
			"m_TexName" : "512_ExportSheet_01.dds"
		},
		"Children" : 0,
		"Name" : 
		{
			"m_Name" : "Settings Button Faded",
			"status" : true
		},
		"Tag" : 
		{
			"m_tag" : "Untagged"
		},
		"Transform" : 
		{
			"m_position" : 
			[
				0.37999999523162842,
				-0.30000001192092896,
				0.95999997854232788
			],
			"m_rotation" : 
			[
				0.0,
				-0.0,
				0.0
			],
			"m_scale" : 
			[
				0.25,
				0.25,
				1.0
			]
		}
	},
	{
		"Canvas" : 
		{
			"m_Color" : 
			[
				1.0,
				1.0,
				1.0,
				1.0
			],
			"m_ForceAlpha" : false,
			"m_Ortho" : true,
			"m_SpriteAnimation" : 
			{
				"m_Columns" : 8,
				"m_FrameCounter" : 7.0,
				"m_MaxFrames" : 64,
				"m_Play" : false,
				"m_PlaySpeed" : 1.0,
				"m_Repeat" : false,
				"m_Rows" : 8,
				"m_Tiling" : 
				[
					0.125,
					0.125
				],
				"m_UV_Offset" : 
				[
					0.875,
					0.125
				]
			},
			"m_TexName" : "512_ExportSheet_01.dds"
		},
		"Children" : 0,
		"Name" : 
		{
			"m_Name" : "Credits Button Faded",
			"status" : false
		},
		"Tag" : 
		{
			"m_tag" : "Untagged"
		},
		"Transform" : 
		{
			"m_position" : 
			[
				0.37999999523162842,
				-0.375,
				0.95999997854232788
			],
			"m_rotation" : 
			[
				0.0,
				-0.0,
				0.0
			],
			"m_scale" : 
			[
				0.25,
				0.25,
				1.0
			]
		}
	},
	{
		"Canvas" : 
		{
			"m_Color" : 
			[
				1.0,
				1.0,
				1.0,
				1.0
			],
			"m_ForceAlpha" : false,
			"m_Ortho" : true,
			"m_SpriteAnimation" : 
			{
				"m_Columns" : 8,
				"m_FrameCounter" : 9.0,
				"m_MaxFrames" : 64,
				"m_Play" : false,
				"m_PlaySpeed" : 1.0,
				"m_Repeat" : false,
				"m_Rows" : 8,
				"m_Tiling" : 
				[
					0.125,
					0.125
				],
				"m_UV_Offset" : 
				[
					0.125,
					0.25
				]
			},
			"m_TexName" : "512_ExportSheet_01.dds"
		},
		"Children" : 0,
		"Name" : 
		{
			"m_Name" : "Quit Button Faded",
			"status" : true
		},
		"Tag" : 
		{
			"m_tag" : "Untagged"
		},
		"Transform" : 
		{
			"m_position" : 
			[
				0.37999999523162842,
				-0.375,
				0.95999997854232788
			],
			"m_rotation" : 
			[
				0.0,
				-0.0,
				0.0
			],
			"m_scale" : 
			[
				0.25,
				0.25,
				1.0
			]
		}
	},
	{
		"Canvas" : 
		{
			"m_Color" : 
			[
				1.0,
				0.99999600648880005,
				0.99998998641967773,
				1.0
			],
			"m_ForceAlpha" : false,
			"m_Ortho" : true,
			"m_SpriteAnimation" : 
			{
				"m_Columns" : 2,
				"m_FrameCounter" : 2.0,
				"m_MaxFrames" : 4,
				"m_Play" : false,
				"m_PlaySpeed" : 1.0,
				"m_Repeat" : false,
				"m_Rows" : 2,
				"m_Tiling" : 
				[
					0.5,
					0.5
				],
				"m_UV_Offset" : 
				[
					0.0,
					1.0
				]
			},
			"m_TexName" : "2048_ExportSheet_01.dds"
		},
		"Children" : 0,
		"Name" : 
		{
			"m_Name" : "Background 2",
			"status" : true
		},
		"Tag" : 
		{
			"m_tag" : "Untagged"
		},
		"Transform" : 
		{
			"m_position" : 
			[
				0.0,
				0.0030000000260770321,
				-1.0
			],
			"m_rotation" : 
			[
				0.0,
				-0.0,
				0.0
			],
			"m_scale" : 
			[
				1.0700000524520874,
				1.0700000524520874,
				0.10000000149011612
			]
		}
	},
	{
		"Canvas" : 
		{
			"m_Color" : 
			[
				1.0,
				0.99999600648880005,
				0.99998998641967773,
				1.0
			],
			"m_ForceAlpha" : false,
			"m_Ortho" : true,
			"m_SpriteAnimation" : 
			{
				"m_Columns" : 4,
				"m_FrameCounter" : 0.0,
				"m_MaxFrames" : 4,
				"m_Play" : false,
				"m_PlaySpeed" : 1.0,
				"m_Repeat" : false,
				"m_Rows" : 4,
				"m_Tiling" : 
				[
					0.25,
					0.25
				],
				"m_UV_Offset" : 
				[
					0.0,
					0.25
				]
			},
			"m_TexName" : "1024_ExportSheet_01.dds"
		},
		"Children" : 0,
		"Name" : 
		{
			"m_Name" : "Any Key Continue",
			"status" : true
		},
		"Tag" : 
		{
			"m_tag" : "Untagged"
		},
		"Transform" : 
		{
			"m_position" : 
			[
				0.0,
				-0.33000001311302185,
				0.0
			],
			"m_rotation" : 
			[
				0.0,
				-0.0,
				0.0
			],
			"m_scale" : 
			[
				0.5,
				0.5,
				1.0
			]
		}
	},
	{
		"Children" : 1,
		"Name" : 
		{
			"m_Name" : "Arrow Parent",
			"status" : true
		},
		"Tag" : 
		{
			"m_tag" : "Untagged"
		},
		"Transform" : 
		{
			"m_position" : 
			[
				0.25,
				-0.25499999523162842,
				0.96100002527236938
			],
			"m_rotation" : 
			[
				0.0,
				-0.0,
				0.0
			],
			"m_scale" : 
			[
				1.0,
				1.0,
				1.0
			]
		}
	},
	{
		"Canvas" : 
		{
			"m_Color" : 
			[
				1.0,
				0.9999961256980896,
				0.99998998641967773,
				1.0
			],
			"m_ForceAlpha" : false,
			"m_Ortho" : true,
			"m_SpriteAnimation" : 
			{
				"m_Columns" : 8,
				"m_FrameCounter" : 0.0,
				"m_MaxFrames" : 21,
				"m_Play" : false,
				"m_PlaySpeed" : 1.0,
				"m_Repeat" : false,
				"m_Rows" : 8,
				"m_Tiling" : 
				[
					0.125,
					0.125
				],
				"m_UV_Offset" : 
				[
					0.0,
					0.125
				]
			},
			"m_TexName" : "256_ExportSheet_01.dds"
		},
		"Children" : 0,
		"Name" : 
		{
			"m_Name" : "Arrow",
			"status" : true
		},
		"Tag" : 
		{
			"m_tag" : "Untagged"
		},
		"Transform" : 
		{
			"m_position" : 
			[
				0.0,
				0.0,
				0.0
			],
			"m_rotation" : 
			[
				0.0,
				-0.0,
				0.0
			],
			"m_scale" : 
			[
				0.05000000074505806,
				0.05000000074505806,
				1.0
			]
		}
	},
	{
		"Canvas" : 
		{
			"m_Color" : 
			[
				1.0,
				0.99999630451202393,
				0.99998998641967773,
				1.0
			],
			"m_ForceAlpha" : false,
			"m_Ortho" : true,
			"m_SpriteAnimation" : 
			{
				"m_Columns" : 2,
				"m_FrameCounter" : 1.0,
				"m_MaxFrames" : 4,
				"m_Play" : false,
				"m_PlaySpeed" : 1.0,
				"m_Repeat" : false,
				"m_Rows" : 2,
				"m_Tiling" : 
				[
					0.5,
					0.5
				],
				"m_UV_Offset" : 
				[
					0.5,
					0.5
				]
			},
			"m_TexName" : "2048_ExportSheet_01.dds"
		},
		"Children" : 0,
		"Name" : 
		{
			"m_Name" : "Background 1",
			"status" : true
		},
		"Tag" : 
		{
			"m_tag" : "Untagged"
		},
		"Transform" : 
		{
			"m_position" : 
			[
				0.0,
				0.0030000000260770321,
				-1.0
			],
			"m_rotation" : 
			[
				0.0,
				-0.0,
				0.0
			],
			"m_scale" : 
			[
				1.0700000524520874,
				1.0700000524520874,
				0.10000000149011612
			]
		}
	},
	{
		"Canvas" : 
		{
			"m_Color" : 
			[
				1.0,
				0.99999600648880005,
				0.99998998641967773,
				1.0
			],
			"m_ForceAlpha" : false,
			"m_Ortho" : true,
			"m_SpriteAnimation" : 
			{
				"m_Columns" : 2,
				"m_FrameCounter" : 0.0,
				"m_MaxFrames" : 4,
				"m_Play" : false,
				"m_PlaySpeed" : 1.0,
				"m_Repeat" : false,
				"m_Rows" : 2,
				"m_Tiling" : 
				[
					0.5,
					0.5
				],
				"m_UV_Offset" : 
				[
					0.0,
					0.5
				]
			},
			"m_TexName" : "2048_ExportSheet_01.dds"
		},
		"Children" : 0,
		"Name" : 
		{
			"m_Name" : "Logo",
			"status" : true
		},
		"Tag" : 
		{
			"m_tag" : "Untagged"
		},
		"Transform" : 
		{
			"m_position" : 
			[
				0.0,
				0.0,
				-0.89999997615814209
			],
			"m_rotation" : 
			[
				0.0,
				-0.0,
				0.0
			],
			"m_scale" : 
			[
				1.0,
				1.0,
				1.0
			]
		}
	},
	{
		"Canvas" : 
		{
			"m_Color" : 
			[
				1.0,
				0.99999600648880005,
				0.99998998641967773,
				1.0
			],
			"m_ForceAlpha" : false,
			"m_Ortho" : true,
			"m_SpriteAnimation" : 
			{
				"m_Columns" : 8,
				"m_FrameCounter" : 8.0,
				"m_MaxFrames" : 64,
				"m_Play" : false,
				"m_PlaySpeed" : 1.0,
				"m_Repeat" : false,
				"m_Rows" : 8,
				"m_Tiling" : 
				[
					0.125,
					0.125
				],
				"m_UV_Offset" : 
				[
					0.0,
					0.25
				]
			},
			"m_TexName" : "512_ExportSheet_01.dds"
		},
		"Children" : 0,
		"Name" : 
		{
			"m_Name" : "Quit Button",
			"status" : true
		},
		"Tag" : 
		{
			"m_tag" : "Untagged"
		},
		"Transform" : 
		{
			"m_position" : 
			[
				2.2000000476837158,
				-0.375,
				0.96100002527236938
			],
			"m_rotation" : 
			[
				0.0,
				-0.0,
				0.0
			],
			"m_scale" : 
			[
				0.25,
				0.25,
				1.0
			]
		}
	},
	{
		"Canvas" : 
		{
			"m_Color" : 
			[
				1.0,
				1.0,
				1.0,
				1.0
			],
			"m_ForceAlpha" : false,
			"m_Ortho" : true,
			"m_SpriteAnimation" : 
			{
				"m_Columns" : 8,
				"m_FrameCounter" : 0.0,
				"m_MaxFrames" : 64,
				"m_Play" : false,
				"m_PlaySpeed" : 1.0,
				"m_Repeat" : false,
				"m_Rows" : 8,
				"m_Tiling" : 
				[
					0.125,
					0.125
				],
				"m_UV_Offset" : 
				[
					0.0,
					0.125
				]
			},
			"m_TexName" : "512_ExportSheet_01.dds"
		},
		"Children" : 0,
		"Name" : 
		{
			"m_Name" : "Start Button",
			"status" : true
		},
		"Tag" : 
		{
			"m_tag" : "Untagged"
		},
		"Transform" : 
		{
			"m_position" : 
			[
				1.3999999761581421,
				-0.22499999403953552,
				0.96100002527236938
			],
			"m_rotation" : 
			[
				0.0,
				-0.0,
				0.0
			],
			"m_scale" : 
			[
				0.25,
				0.25,
				1.0
			]
		}
	},
	{
		"Canvas" : 
		{
			"m_Color" : 
			[
				1.0,
				0.99999600648880005,
				0.99998998641967773,
				1.0
			],
			"m_ForceAlpha" : false,
			"m_Ortho" : true,
			"m_SpriteAnimation" : 
			{
				"m_Columns" : 8,
				"m_FrameCounter" : 2.0,
				"m_MaxFrames" : 64,
				"m_Play" : false,
				"m_PlaySpeed" : 1.0,
				"m_Repeat" : false,
				"m_Rows" : 8,
				"m_Tiling" : 
				[
					0.125,
					0.125
				],
				"m_UV_Offset" : 
				[
					0.25,
					0.125
				]
			},
			"m_TexName" : "512_ExportSheet_01.dds"
		},
		"Children" : 0,
		"Name" : 
		{
			"m_Name" : "How To Play Button",
			"status" : false
		},
		"Tag" : 
		{
			"m_tag" : "Untagged"
		},
		"Transform" : 
		{
			"m_position" : 
			[
				0.37999999523162842,
				-0.30000001192092896,
				0.95999997854232788
			],
			"m_rotation" : 
			[
				0.0,
				-0.0,
				0.0
			],
			"m_scale" : 
			[
				0.25,
				0.25,
				1.0
			]
		}
	},
	{
		"Canvas" : 
		{
			"m_Color" : 
			[
				1.0,
				0.99999600648880005,
				0.99998998641967773,
				1.0
			],
			"m_ForceAlpha" : false,
			"m_Ortho" : true,
			"m_SpriteAnimation" : 
			{
				"m_Columns" : 8,
				"m_FrameCounter" : 4.0,
				"m_MaxFrames" : 64,
				"m_Play" : false,
				"m_PlaySpeed" : 1.0,
				"m_Repeat" : false,
				"m_Rows" : 8,
				"m_Tiling" : 
				[
					0.125,
					0.125
				],
				"m_UV_Offset" : 
				[
					0.5,
					0.125
				]
			},
			"m_TexName" : "512_ExportSheet_01.dds"
		},
		"Children" : 0,
		"Name" : 
		{
			"m_Name" : "Settings Button",
			"status" : true
		},
		"Tag" : 
		{
			"m_tag" : "Untagged"
		},
		"Transform" : 
		{
			"m_position" : 
			[
				1.8999999761581421,
				-0.30000001192092896,
				0.96100002527236938
			],
			"m_rotation" : 
			[
				0.0,
				-0.0,
				0.0
			],
			"m_scale" : 
			[
				0.25,
				0.25,
				1.0
			]
		}
	},
	{
		"Canvas" : 
		{
			"m_Color" : 
			[
				1.0,
				0.99999600648880005,
				0.99998998641967773,
				1.0
			],
			"m_ForceAlpha" : false,
			"m_Ortho" : true,
			"m_SpriteAnimation" : 
			{
				"m_Columns" : 8,
				"m_FrameCounter" : 6.0,
				"m_MaxFrames" : 64,
				"m_Play" : false,
				"m_PlaySpeed" : 1.0,
				"m_Repeat" : false,
				"m_Rows" : 8,
				"m_Tiling" : 
				[
					0.125,
					0.125
				],
				"m_UV_Offset" : 
				[
					0.75,
					0.125
				]
			},
			"m_TexName" : "512_ExportSheet_01.dds"
		},
		"Children" : 0,
		"Name" : 
		{
			"m_Name" : "Credits Button",
			"status" : false
		},
		"Tag" : 
		{
			"m_tag" : "Untagged"
		},
		"Transform" : 
		{
			"m_position" : 
			[
				0.37999999523162842,
				-0.375,
				0.96100002527236938
			],
			"m_rotation" : 
			[
				0.0,
				-0.0,
				0.0
			],
			"m_scale" : 
			[
				0.25,
				0.25,
				1.0
			]
		}
	},
	{
		"Children" : 15,
		"Name" : 
		{
			"m_Name" : "Settings Menu",
			"status" : true
		},
		"Rigidbody" : 
		{
			"isKinematic" : false,
			"mass" : 10.0,
			"useGravity" : false
		},
		"Scripting" : 
		{
			"SettingsMenu" : false
		},
		"Tag" : 
		{
			"m_tag" : "Untagged"
		},
		"Transform" : 
		{
			"m_position" : 
			[
				0.0,
				0.0,
				0.0
			],
			"m_rotation" : 
			[
				0.0,
				-0.0,
				0.0
			],
			"m_scale" : 
			[
				1.0,
				1.0,
				1.0
			]
		}
	},
	{
		"Canvas" : 
		{
			"m_Color" : 
			[
				1.0,
				1.0,
				1.0,
				1.0
			],
			"m_ForceAlpha" : false,
			"m_Ortho" : true,
			"m_SpriteAnimation" : 
			{
				"m_Columns" : 8,
				"m_FrameCounter" : 18.0,
				"m_MaxFrames" : 64,
				"m_Play" : false,
				"m_PlaySpeed" : 1.0,
				"m_Repeat" : false,
				"m_Rows" : 8,
				"m_Tiling" : 
				[
					0.125,
					0.125
				],
				"m_UV_Offset" : 
				[
					0.25,
					0.375
				]
			},
			"m_TexName" : "256_ExportSheet_01.dds"
		},
		"Children" : 0,
		"Name" : 
		{
			"m_Name" : "Default Volume Button Faded",
			"status" : true
		},
		"Tag" : 
		{
			"m_tag" : "Untagged"
		},
		"Transform" : 
		{
			"m_position" : 
			[
				-0.20000000298023224,
				-0.27500000596046448,
				0.96299999952316284
			],
			"m_rotation" : 
			[
				0.0,
				-0.0,
				0.0
			],
			"m_scale" : 
			[
				0.15000000596046448,
				0.15000000596046448,
				1.0
			]
		}
	},
	{
		"Canvas" : 
		{
			"m_Color" : 
			[
				1.0,
				1.0,
				1.0,
				1.0
			],
			"m_ForceAlpha" : false,
			"m_Ortho" : true,
			"m_SpriteAnimation" : 
			{
				"m_Columns" : 2,
				"m_FrameCounter" : 0.0,
				"m_MaxFrames" : 4,
				"m_Play" : false,
				"m_PlaySpeed" : 1.0,
				"m_Repeat" : false,
				"m_Rows" : 2,
				"m_Tiling" : 
				[
					0.5,
					0.5
				],
				"m_UV_Offset" : 
				[
					0.0,
					0.5
				]
			},
			"m_TexName" : "2048_ExportSheet_03.dds"
		},
		"Children" : 0,
		"Name" : 
		{
			"m_Name" : "Settings BG",
			"status" : true
		},
		"Tag" : 
		{
			"m_tag" : "Untagged"
		},
		"Transform" : 
		{
			"m_position" : 
			[
				0.0,
				0.0,
				0.96200001239776611
			],
			"m_rotation" : 
			[
				0.0,
				-0.0,
				0.0
			],
			"m_scale" : 
			[
				1.0,
				1.0,
				1.0
			]
		}
	},
	{
		"Canvas" : 
		{
			"m_Color" : 
			[
				1.0,
				1.0,
				1.0,
				1.0
			],
			"m_ForceAlpha" : false,
			"m_Ortho" : true,
			"m_SpriteAnimation" : 
			{
				"m_Columns" : 8,
				"m_FrameCounter" : 24.0,
				"m_MaxFrames" : 64,
				"m_Play" : false,
				"m_PlaySpeed" : 1.0,
				"m_Repeat" : false,
				"m_Rows" : 8,
				"m_Tiling" : 
				[
					0.125,
					0.125
				],
				"m_UV_Offset" : 
				[
					0.0,
					0.5
				]
			},
			"m_TexName" : "512_ExportSheet_01.dds"
		},
		"Children" : 0,
		"Name" : 
		{
			"m_Name" : "VO Volume Button Faded",
			"status" : true
		},
		"Tag" : 
		{
			"m_tag" : "Untagged"
		},
		"Transform" : 
		{
			"m_position" : 
			[
				-0.20000000298023224,
				-0.15000000596046448,
				0.96299999952316284
			],
			"m_rotation" : 
			[
				0.0,
				-0.0,
				0.0
			],
			"m_scale" : 
			[
				0.25,
				0.25,
				1.0
			]
		}
	},
	{
		"Canvas" : 
		{
			"m_Color" : 
			[
				1.0,
				1.0,
				1.0,
				1.0
			],
			"m_ForceAlpha" : false,
			"m_Ortho" : true,
			"m_SpriteAnimation" : 
			{
				"m_Columns" : 8,
				"m_FrameCounter" : 19.0,
				"m_MaxFrames" : 64,
				"m_Play" : false,
				"m_PlaySpeed" : 1.0,
				"m_Repeat" : false,
				"m_Rows" : 8,
				"m_Tiling" : 
				[
					0.125,
					0.125
				],
				"m_UV_Offset" : 
				[
					0.375,
					0.375
				]
			},
			"m_TexName" : "512_ExportSheet_01.dds"
		},
		"Children" : 0,
		"Name" : 
		{
			"m_Name" : "BGM Volume Button",
			"status" : true
		},
		"Tag" : 
		{
			"m_tag" : "Untagged"
		},
		"Transform" : 
		{
			"m_position" : 
			[
				-0.20000000298023224,
				0.15000000596046448,
				0.96399998664855957
			],
			"m_rotation" : 
			[
				0.0,
				-0.0,
				0.0
			],
			"m_scale" : 
			[
				0.25,
				0.25,
				1.0
			]
		}
	},
	{
		"Canvas" : 
		{
			"m_Color" : 
			[
				1.0,
				1.0,
				1.0,
				1.0
			],
			"m_ForceAlpha" : false,
			"m_Ortho" : true,
			"m_SpriteAnimation" : 
			{
				"m_Columns" : 8,
				"m_FrameCounter" : 20.0,
				"m_MaxFrames" : 64,
				"m_Play" : false,
				"m_PlaySpeed" : 1.0,
				"m_Repeat" : false,
				"m_Rows" : 8,
				"m_Tiling" : 
				[
					0.125,
					0.125
				],
				"m_UV_Offset" : 
				[
					0.5,
					0.375
				]
			},
			"m_TexName" : "512_ExportSheet_01.dds"
		},
		"Children" : 0,
		"Name" : 
		{
			"m_Name" : "BGM Volume Button Faded",
			"status" : true
		},
		"Tag" : 
		{
			"m_tag" : "Untagged"
		},
		"Transform" : 
		{
			"m_position" : 
			[
				-0.20000000298023224,
				0.15000000596046448,
				0.96299999952316284
			],
			"m_rotation" : 
			[
				0.0,
				-0.0,
				0.0
			],
			"m_scale" : 
			[
				0.25,
				0.25,
				1.0
			]
		}
	},
	{
		"Canvas" : 
		{
			"m_Color" : 
			[
				1.0,
				1.0,
				1.0,
				1.0
			],
			"m_ForceAlpha" : false,
			"m_Ortho" : true,
			"m_SpriteAnimation" : 
			{
				"m_Columns" : 8,
				"m_FrameCounter" : 21.0,
				"m_MaxFrames" : 64,
				"m_Play" : false,
				"m_PlaySpeed" : 1.0,
				"m_Repeat" : false,
				"m_Rows" : 8,
				"m_Tiling" : 
				[
					0.125,
					0.125
				],
				"m_UV_Offset" : 
				[
					0.625,
					0.375
				]
			},
			"m_TexName" : "512_ExportSheet_01.dds"
		},
		"Children" : 0,
		"Name" : 
		{
			"m_Name" : "SFX Volume Button",
			"status" : true
		},
		"Tag" : 
		{
			"m_tag" : "Untagged"
		},
		"Transform" : 
		{
			"m_position" : 
			[
				-0.20000000298023224,
				0.0,
				0.96399998664855957
			],
			"m_rotation" : 
			[
				0.0,
				-0.0,
				0.0
			],
			"m_scale" : 
			[
				0.25,
				0.25,
				1.0
			]
		}
	},
	{
		"Canvas" : 
		{
			"m_Color" : 
			[
				1.0,
				1.0,
				1.0,
				1.0
			],
			"m_ForceAlpha" : false,
			"m_Ortho" : true,
			"m_SpriteAnimation" : 
			{
				"m_Columns" : 8,
				"m_FrameCounter" : 23.0,
				"m_MaxFrames" : 64,
				"m_Play" : false,
				"m_PlaySpeed" : 1.0,
				"m_Repeat" : false,
				"m_Rows" : 8,
				"m_Tiling" : 
				[
					0.125,
					0.125
				],
				"m_UV_Offset" : 
				[
					0.875,
					0.375
				]
			},
			"m_TexName" : "512_ExportSheet_01.dds"
		},
		"Children" : 0,
		"Name" : 
		{
			"m_Name" : "VO Volume Button",
			"status" : true
		},
		"Tag" : 
		{
			"m_tag" : "Untagged"
		},
		"Transform" : 
		{
			"m_position" : 
			[
				-0.20000000298023224,
				-0.15000000596046448,
				0.96399998664855957
			],
			"m_rotation" : 
			[
				0.0,
				-0.0,
				0.0
			],
			"m_scale" : 
			[
				0.25,
				0.25,
				1.0
			]
		}
	},
	{
		"Canvas" : 
		{
			"m_Color" : 
			[
				1.0,
				1.0,
				1.0,
				1.0
			],
			"m_ForceAlpha" : false,
			"m_Ortho" : true,
			"m_SpriteAnimation" : 
			{
				"m_Columns" : 8,
				"m_FrameCounter" : 18.0,
				"m_MaxFrames" : 64,
				"m_Play" : false,
				"m_PlaySpeed" : 1.0,
				"m_Repeat" : false,
				"m_Rows" : 8,
				"m_Tiling" : 
				[
					0.125,
					0.125
				],
				"m_UV_Offset" : 
				[
					0.25,
					0.375
				]
			},
			"m_TexName" : "512_ExportSheet_01.dds"
		},
		"Children" : 10,
		"Name" : 
		{
			"m_Name" : "BGM Bar BG",
			"status" : true
		},
		"Tag" : 
		{
			"m_tag" : "Untagged"
		},
		"Transform" : 
		{
			"m_position" : 
			[
				0.125,
				0.15000000596046448,
				0.96299999952316284
			],
			"m_rotation" : 
			[
				0.0,
				-0.0,
				0.0
			],
			"m_scale" : 
			[
				0.30000001192092896,
				0.30000001192092896,
				1.0
			]
		}
	},
	{
		"Canvas" : 
		{
			"m_Color" : 
			[
				1.0,
				1.0,
				1.0,
				1.0
			],
			"m_ForceAlpha" : false,
			"m_Ortho" : true,
			"m_SpriteAnimation" : 
			{
				"m_Columns" : 8,
				"m_FrameCounter" : 7.0,
				"m_MaxFrames" : 64,
				"m_Play" : false,
				"m_PlaySpeed" : 1.0,
				"m_Repeat" : false,
				"m_Rows" : 8,
				"m_Tiling" : 
				[
					0.125,
					0.125
				],
				"m_UV_Offset" : 
				[
					0.875,
					0.125
				]
			},
			"m_TexName" : "256_ExportSheet_01.dds"
		},
		"Children" : 0,
		"Name" : 
		{
			"m_Name" : "BGM Bar 4",
			"status" : true
		},
		"Tag" : 
		{
			"m_tag" : "Untagged"
		},
		"Transform" : 
		{
			"m_position" : 
			[
				-0.11299999803304672,
				0.016000000759959221,
				0.0
			],
			"m_rotation" : 
			[
				0.0,
				-0.0,
				0.00010427392408018932
			],
			"m_scale" : 
			[
				0.25,
				0.25,
				1.0
			]
		}
	},
	{
		"Canvas" : 
		{
			"m_Color" : 
			[
				1.0,
				1.0,
				1.0,
				1.0
			],
			"m_ForceAlpha" : false,
			"m_Ortho" : true,
			"m_SpriteAnimation" : 
			{
				"m_Columns" : 8,
				"m_FrameCounter" : 7.0,
				"m_MaxFrames" : 64,
				"m_Play" : false,
				"m_PlaySpeed" : 1.0,
				"m_Repeat" : false,
				"m_Rows" : 8,
				"m_Tiling" : 
				[
					0.125,
					0.125
				],
				"m_UV_Offset" : 
				[
					0.875,
					0.125
				]
			},
			"m_TexName" : "256_ExportSheet_01.dds"
		},
		"Children" : 0,
		"Name" : 
		{
			"m_Name" : "BGM Bar 5",
			"status" : true
		},
		"Tag" : 
		{
			"m_tag" : "Untagged"
		},
		"Transform" : 
		{
			"m_position" : 
			[
				-0.040000021457672119,
				0.015999972820281982,
				0.0
			],
			"m_rotation" : 
			[
				0.0,
				-0.0,
				0.00010427392408018932
			],
			"m_scale" : 
			[
				0.25,
				0.25,
				1.0
			]
		}
	},
	{
		"Canvas" : 
		{
			"m_Color" : 
			[
				1.0,
				1.0,
				1.0,
				1.0
			],
			"m_ForceAlpha" : false,
			"m_Ortho" : true,
			"m_SpriteAnimation" : 
			{
				"m_Columns" : 8,
				"m_FrameCounter" : 7.0,
				"m_MaxFrames" : 64,
				"m_Play" : false,
				"m_PlaySpeed" : 1.0,
				"m_Repeat" : false,
				"m_Rows" : 8,
				"m_Tiling" : 
				[
					0.125,
					0.125
				],
				"m_UV_Offset" : 
				[
					0.875,
					0.125
				]
			},
			"m_TexName" : "256_ExportSheet_01.dds"
		},
		"Children" : 0,
		"Name" : 
		{
			"m_Name" : "BGM Bar 6",
			"status" : true
		},
		"Tag" : 
		{
			"m_tag" : "Untagged"
		},
		"Transform" : 
		{
			"m_position" : 
			[
				0.029999971389770508,
				0.015999972820281982,
				0.0
			],
			"m_rotation" : 
			[
				0.0,
				-0.0,
				0.00010427392408018932
			],
			"m_scale" : 
			[
				0.25,
				0.25,
				1.0
			]
		}
	},
	{
		"Canvas" : 
		{
			"m_Color" : 
			[
				1.0,
				1.0,
				1.0,
				1.0
			],
			"m_ForceAlpha" : false,
			"m_Ortho" : true,
			"m_SpriteAnimation" : 
			{
				"m_Columns" : 8,
				"m_FrameCounter" : 7.0,
				"m_MaxFrames" : 64,
				"m_Play" : false,
				"m_PlaySpeed" : 1.0,
				"m_Repeat" : false,
				"m_Rows" : 8,
				"m_Tiling" : 
				[
					0.125,
					0.125
				],
				"m_UV_Offset" : 
				[
					0.875,
					0.125
				]
			},
			"m_TexName" : "256_ExportSheet_01.dds"
		},
		"Children" : 0,
		"Name" : 
		{
			"m_Name" : "BGM Bar 7",
			"status" : true
		},
		"Tag" : 
		{
			"m_tag" : "Untagged"
		},
		"Transform" : 
		{
			"m_position" : 
			[
				0.10000002384185791,
				0.015999972820281982,
				0.0
			],
			"m_rotation" : 
			[
				0.0,
				-0.0,
				0.00010427392408018932
			],
			"m_scale" : 
			[
				0.25,
				0.25,
				1.0
			]
		}
	},
	{
		"Canvas" : 
		{
			"m_Color" : 
			[
				1.0,
				1.0,
				1.0,
				1.0
			],
			"m_ForceAlpha" : false,
			"m_Ortho" : true,
			"m_SpriteAnimation" : 
			{
				"m_Columns" : 8,
				"m_FrameCounter" : 7.0,
				"m_MaxFrames" : 64,
				"m_Play" : false,
				"m_PlaySpeed" : 1.0,
				"m_Repeat" : false,
				"m_Rows" : 8,
				"m_Tiling" : 
				[
					0.125,
					0.125
				],
				"m_UV_Offset" : 
				[
					0.875,
					0.125
				]
			},
			"m_TexName" : "256_ExportSheet_01.dds"
		},
		"Children" : 0,
		"Name" : 
		{
			"m_Name" : "BGM Bar 8",
			"status" : true
		},
		"Tag" : 
		{
			"m_tag" : "Untagged"
		},
		"Transform" : 
		{
			"m_position" : 
			[
				0.17000001668930054,
				0.015999972820281982,
				0.0
			],
			"m_rotation" : 
			[
				0.0,
				-0.0,
				0.00010427392408018932
			],
			"m_scale" : 
			[
				0.25,
				0.25,
				1.0
			]
		}
	},
	{
		"Canvas" : 
		{
			"m_Color" : 
			[
				1.0,
				1.0,
				1.0,
				1.0
			],
			"m_ForceAlpha" : false,
			"m_Ortho" : true,
			"m_SpriteAnimation" : 
			{
				"m_Columns" : 8,
				"m_FrameCounter" : 7.0,
				"m_MaxFrames" : 64,
				"m_Play" : false,
				"m_PlaySpeed" : 1.0,
				"m_Repeat" : false,
				"m_Rows" : 8,
				"m_Tiling" : 
				[
					0.125,
					0.125
				],
				"m_UV_Offset" : 
				[
					0.875,
					0.125
				]
			},
			"m_TexName" : "256_ExportSheet_01.dds"
		},
		"Children" : 0,
		"Name" : 
		{
			"m_Name" : "BGM Bar 9",
			"status" : true
		},
		"Tag" : 
		{
			"m_tag" : "Untagged"
		},
		"Transform" : 
		{
			"m_position" : 
			[
				0.24000000953674316,
				0.015999972820281982,
				0.0
			],
			"m_rotation" : 
			[
				0.0,
				-0.0,
				0.00010427392408018932
			],
			"m_scale" : 
			[
				0.25,
				0.25,
				1.0
			]
		}
	},
	{
		"Canvas" : 
		{
			"m_Color" : 
			[
				1.0,
				1.0,
				1.0,
				1.0
			],
			"m_ForceAlpha" : false,
			"m_Ortho" : true,
			"m_SpriteAnimation" : 
			{
				"m_Columns" : 8,
				"m_FrameCounter" : 7.0,
				"m_MaxFrames" : 64,
				"m_Play" : false,
				"m_PlaySpeed" : 1.0,
				"m_Repeat" : false,
				"m_Rows" : 8,
				"m_Tiling" : 
				[
					0.125,
					0.125
				],
				"m_UV_Offset" : 
				[
					0.875,
					0.125
				]
			},
			"m_TexName" : "256_ExportSheet_01.dds"
		},
		"Children" : 0,
		"Name" : 
		{
			"m_Name" : "BGM Bar 10",
			"status" : true
		},
		"Tag" : 
		{
			"m_tag" : "Untagged"
		},
		"Transform" : 
		{
			"m_position" : 
			[
				0.31000000238418579,
				0.015999972820281982,
				0.0
			],
			"m_rotation" : 
			[
				0.0,
				-0.0,
				0.00010427392408018932
			],
			"m_scale" : 
			[
				0.25,
				0.25,
				1.0
			]
		}
	},
	{
		"Canvas" : 
		{
			"m_Color" : 
			[
				1.0,
				1.0,
				1.0,
				1.0
			],
			"m_ForceAlpha" : false,
			"m_Ortho" : true,
			"m_SpriteAnimation" : 
			{
				"m_Columns" : 8,
				"m_FrameCounter" : 7.0,
				"m_MaxFrames" : 64,
				"m_Play" : false,
				"m_PlaySpeed" : 1.0,
				"m_Repeat" : false,
				"m_Rows" : 8,
				"m_Tiling" : 
				[
					0.125,
					0.125
				],
				"m_UV_Offset" : 
				[
					0.875,
					0.125
				]
			},
			"m_TexName" : "256_ExportSheet_01.dds"
		},
		"Children" : 0,
		"Name" : 
		{
			"m_Name" : "BGM Bar 1",
			"status" : true
		},
		"Tag" : 
		{
			"m_tag" : "Untagged"
		},
		"Transform" : 
		{
			"m_position" : 
			[
				-0.33500000834465027,
				0.015999972820281982,
				0.0
			],
			"m_rotation" : 
			[
				0.0,
				-0.0,
				0.00010427392408018932
			],
			"m_scale" : 
			[
				0.25,
				0.25,
				1.0
			]
		}
	},
	{
		"Canvas" : 
		{
			"m_Color" : 
			[
				1.0,
				1.0,
				1.0,
				1.0
			],
			"m_ForceAlpha" : false,
			"m_Ortho" : true,
			"m_SpriteAnimation" : 
			{
				"m_Columns" : 8,
				"m_FrameCounter" : 7.0,
				"m_MaxFrames" : 64,
				"m_Play" : false,
				"m_PlaySpeed" : 1.0,
				"m_Repeat" : false,
				"m_Rows" : 8,
				"m_Tiling" : 
				[
					0.125,
					0.125
				],
				"m_UV_Offset" : 
				[
					0.875,
					0.125
				]
			},
			"m_TexName" : "256_ExportSheet_01.dds"
		},
		"Children" : 0,
		"Name" : 
		{
			"m_Name" : "BGM Bar 2",
			"status" : true
		},
		"Tag" : 
		{
			"m_tag" : "Untagged"
		},
		"Transform" : 
		{
			"m_position" : 
			[
				-0.25999999046325684,
				0.015999972820281982,
				0.0
			],
			"m_rotation" : 
			[
				0.0,
				-0.0,
				0.00010427392408018932
			],
			"m_scale" : 
			[
				0.25,
				0.25,
				1.0
			]
		}
	},
	{
		"Canvas" : 
		{
			"m_Color" : 
			[
				1.0,
				1.0,
				1.0,
				1.0
			],
			"m_ForceAlpha" : false,
			"m_Ortho" : true,
			"m_SpriteAnimation" : 
			{
				"m_Columns" : 8,
				"m_FrameCounter" : 7.0,
				"m_MaxFrames" : 64,
				"m_Play" : false,
				"m_PlaySpeed" : 1.0,
				"m_Repeat" : false,
				"m_Rows" : 8,
				"m_Tiling" : 
				[
					0.125,
					0.125
				],
				"m_UV_Offset" : 
				[
					0.875,
					0.125
				]
			},
			"m_TexName" : "256_ExportSheet_01.dds"
		},
		"Children" : 0,
		"Name" : 
		{
			"m_Name" : "BGM Bar 3",
			"status" : true
		},
		"Tag" : 
		{
			"m_tag" : "Untagged"
		},
		"Transform" : 
		{
			"m_position" : 
			[
				-0.18500000238418579,
				0.015999972820281982,
				0.0
			],
			"m_rotation" : 
			[
				0.0,
				-0.0,
				0.00010427392408018932
			],
			"m_scale" : 
			[
				0.25,
				0.25,
				1.0
			]
		}
	},
	{
		"Canvas" : 
		{
			"m_Color" : 
			[
				1.0,
				1.0,
				1.0,
				1.0
			],
			"m_ForceAlpha" : false,
			"m_Ortho" : true,
			"m_SpriteAnimation" : 
			{
				"m_Columns" : 8,
				"m_FrameCounter" : 17.0,
				"m_MaxFrames" : 64,
				"m_Play" : false,
				"m_PlaySpeed" : 1.0,
				"m_Repeat" : false,
				"m_Rows" : 8,
				"m_Tiling" : 
				[
					0.125,
					0.125
				],
				"m_UV_Offset" : 
				[
					0.125,
					0.375
				]
			},
			"m_TexName" : "256_ExportSheet_01.dds"
		},
		"Children" : 0,
		"Name" : 
		{
			"m_Name" : "Default Volume Button",
			"status" : true
		},
		"Tag" : 
		{
			"m_tag" : "Untagged"
		},
		"Transform" : 
		{
			"m_position" : 
			[
				-0.20000000298023224,
				-0.27500000596046448,
				0.96299999952316284
			],
			"m_rotation" : 
			[
				0.0,
				-0.0,
				0.0
			],
			"m_scale" : 
			[
				0.15000000596046448,
				0.15000000596046448,
				1.0
			]
		}
	},
	{
		"Canvas" : 
		{
			"m_Color" : 
			[
				1.0,
				1.0,
				1.0,
				1.0
			],
			"m_ForceAlpha" : false,
			"m_Ortho" : true,
			"m_SpriteAnimation" : 
			{
				"m_Columns" : 8,
				"m_FrameCounter" : 18.0,
				"m_MaxFrames" : 64,
				"m_Play" : false,
				"m_PlaySpeed" : 1.0,
				"m_Repeat" : false,
				"m_Rows" : 8,
				"m_Tiling" : 
				[
					0.125,
					0.125
				],
				"m_UV_Offset" : 
				[
					0.25,
					0.375
				]
			},
			"m_TexName" : "512_ExportSheet_01.dds"
		},
		"Children" : 10,
		"Name" : 
		{
			"m_Name" : "SFX Bar BG",
			"status" : true
		},
		"Tag" : 
		{
			"m_tag" : "Untagged"
		},
		"Transform" : 
		{
			"m_position" : 
			[
				0.125,
				0.0,
				0.96299999952316284
			],
			"m_rotation" : 
			[
				0.0,
				-0.0,
				0.0
			],
			"m_scale" : 
			[
				0.30000001192092896,
				0.30000001192092896,
				1.0
			]
		}
	},
	{
		"Canvas" : 
		{
			"m_Color" : 
			[
				1.0,
				1.0,
				1.0,
				1.0
			],
			"m_ForceAlpha" : false,
			"m_Ortho" : true,
			"m_SpriteAnimation" : 
			{
				"m_Columns" : 8,
				"m_FrameCounter" : 7.0,
				"m_MaxFrames" : 64,
				"m_Play" : false,
				"m_PlaySpeed" : 1.0,
				"m_Repeat" : false,
				"m_Rows" : 8,
				"m_Tiling" : 
				[
					0.125,
					0.125
				],
				"m_UV_Offset" : 
				[
					0.875,
					0.125
				]
			},
			"m_TexName" : "256_ExportSheet_01.dds"
		},
		"Children" : 0,
		"Name" : 
		{
			"m_Name" : "SFX Bar 6",
			"status" : true
		},
		"Tag" : 
		{
			"m_tag" : "Untagged"
		},
		"Transform" : 
		{
			"m_position" : 
			[
				0.029999971389770508,
				0.015999972820281982,
				0.0
			],
			"m_rotation" : 
			[
				0.0,
				-0.0,
				0.00010427392408018932
			],
			"m_scale" : 
			[
				0.25,
				0.25,
				1.0
			]
		}
	},
	{
		"Canvas" : 
		{
			"m_Color" : 
			[
				1.0,
				1.0,
				1.0,
				1.0
			],
			"m_ForceAlpha" : false,
			"m_Ortho" : true,
			"m_SpriteAnimation" : 
			{
				"m_Columns" : 8,
				"m_FrameCounter" : 7.0,
				"m_MaxFrames" : 64,
				"m_Play" : false,
				"m_PlaySpeed" : 1.0,
				"m_Repeat" : false,
				"m_Rows" : 8,
				"m_Tiling" : 
				[
					0.125,
					0.125
				],
				"m_UV_Offset" : 
				[
					0.875,
					0.125
				]
			},
			"m_TexName" : "256_ExportSheet_01.dds"
		},
		"Children" : 0,
		"Name" : 
		{
			"m_Name" : "SFX Bar 7",
			"status" : true
		},
		"Tag" : 
		{
			"m_tag" : "Untagged"
		},
		"Transform" : 
		{
			"m_position" : 
			[
				0.10000002384185791,
				0.015999972820281982,
				0.0
			],
			"m_rotation" : 
			[
				0.0,
				-0.0,
				0.00010427392408018932
			],
			"m_scale" : 
			[
				0.25,
				0.25,
				1.0
			]
		}
	},
	{
		"Canvas" : 
		{
			"m_Color" : 
			[
				1.0,
				1.0,
				1.0,
				1.0
			],
			"m_ForceAlpha" : false,
			"m_Ortho" : true,
			"m_SpriteAnimation" : 
			{
				"m_Columns" : 8,
				"m_FrameCounter" : 7.0,
				"m_MaxFrames" : 64,
				"m_Play" : false,
				"m_PlaySpeed" : 1.0,
				"m_Repeat" : false,
				"m_Rows" : 8,
				"m_Tiling" : 
				[
					0.125,
					0.125
				],
				"m_UV_Offset" : 
				[
					0.875,
					0.125
				]
			},
			"m_TexName" : "256_ExportSheet_01.dds"
		},
		"Children" : 0,
		"Name" : 
		{
			"m_Name" : "SFX Bar 8",
			"status" : true
		},
		"Tag" : 
		{
			"m_tag" : "Untagged"
		},
		"Transform" : 
		{
			"m_position" : 
			[
				0.17000001668930054,
				0.015999972820281982,
				0.0
			],
			"m_rotation" : 
			[
				0.0,
				-0.0,
				0.00010427392408018932
			],
			"m_scale" : 
			[
				0.25,
				0.25,
				1.0
			]
		}
	},
	{
		"Canvas" : 
		{
			"m_Color" : 
			[
				1.0,
				1.0,
				1.0,
				1.0
			],
			"m_ForceAlpha" : false,
			"m_Ortho" : true,
			"m_SpriteAnimation" : 
			{
				"m_Columns" : 8,
				"m_FrameCounter" : 7.0,
				"m_MaxFrames" : 64,
				"m_Play" : false,
				"m_PlaySpeed" : 1.0,
				"m_Repeat" : false,
				"m_Rows" : 8,
				"m_Tiling" : 
				[
					0.125,
					0.125
				],
				"m_UV_Offset" : 
				[
					0.875,
					0.125
				]
			},
			"m_TexName" : "256_ExportSheet_01.dds"
		},
		"Children" : 0,
		"Name" : 
		{
			"m_Name" : "SFX Bar 9",
			"status" : true
		},
		"Tag" : 
		{
			"m_tag" : "Untagged"
		},
		"Transform" : 
		{
			"m_position" : 
			[
				0.24000000953674316,
				0.015999972820281982,
				0.0
			],
			"m_rotation" : 
			[
				0.0,
				-0.0,
				0.00010427392408018932
			],
			"m_scale" : 
			[
				0.25,
				0.25,
				1.0
			]
		}
	},
	{
		"Canvas" : 
		{
			"m_Color" : 
			[
				1.0,
				1.0,
				1.0,
				1.0
			],
			"m_ForceAlpha" : false,
			"m_Ortho" : true,
			"m_SpriteAnimation" : 
			{
				"m_Columns" : 8,
				"m_FrameCounter" : 7.0,
				"m_MaxFrames" : 64,
				"m_Play" : false,
				"m_PlaySpeed" : 1.0,
				"m_Repeat" : false,
				"m_Rows" : 8,
				"m_Tiling" : 
				[
					0.125,
					0.125
				],
				"m_UV_Offset" : 
				[
					0.875,
					0.125
				]
			},
			"m_TexName" : "256_ExportSheet_01.dds"
		},
		"Children" : 0,
		"Name" : 
		{
			"m_Name" : "SFX Bar 10",
			"status" : true
		},
		"Tag" : 
		{
			"m_tag" : "Untagged"
		},
		"Transform" : 
		{
			"m_position" : 
			[
				0.31000000238418579,
				0.015999972820281982,
				0.0
			],
			"m_rotation" : 
			[
				0.0,
				-0.0,
				0.00010427392408018932
			],
			"m_scale" : 
			[
				0.25,
				0.25,
				1.0
			]
		}
	},
	{
		"Canvas" : 
		{
			"m_Color" : 
			[
				1.0,
				1.0,
				1.0,
				1.0
			],
			"m_ForceAlpha" : false,
			"m_Ortho" : true,
			"m_SpriteAnimation" : 
			{
				"m_Columns" : 8,
				"m_FrameCounter" : 7.0,
				"m_MaxFrames" : 64,
				"m_Play" : false,
				"m_PlaySpeed" : 1.0,
				"m_Repeat" : false,
				"m_Rows" : 8,
				"m_Tiling" : 
				[
					0.125,
					0.125
				],
				"m_UV_Offset" : 
				[
					0.875,
					0.125
				]
			},
			"m_TexName" : "256_ExportSheet_01.dds"
		},
		"Children" : 0,
		"Name" : 
		{
			"m_Name" : "SFX Bar 1",
			"status" : true
		},
		"Tag" : 
		{
			"m_tag" : "Untagged"
		},
		"Transform" : 
		{
			"m_position" : 
			[
				-0.33500000834465027,
				0.015999972820281982,
				0.0
			],
			"m_rotation" : 
			[
				0.0,
				-0.0,
				0.00010427392408018932
			],
			"m_scale" : 
			[
				0.25,
				0.25,
				1.0
			]
		}
	},
	{
		"Canvas" : 
		{
			"m_Color" : 
			[
				1.0,
				1.0,
				1.0,
				1.0
			],
			"m_ForceAlpha" : false,
			"m_Ortho" : true,
			"m_SpriteAnimation" : 
			{
				"m_Columns" : 8,
				"m_FrameCounter" : 7.0,
				"m_MaxFrames" : 64,
				"m_Play" : false,
				"m_PlaySpeed" : 1.0,
				"m_Repeat" : false,
				"m_Rows" : 8,
				"m_Tiling" : 
				[
					0.125,
					0.125
				],
				"m_UV_Offset" : 
				[
					0.875,
					0.125
				]
			},
			"m_TexName" : "256_ExportSheet_01.dds"
		},
		"Children" : 0,
		"Name" : 
		{
			"m_Name" : "SFX Bar 2",
			"status" : true
		},
		"Tag" : 
		{
			"m_tag" : "Untagged"
		},
		"Transform" : 
		{
			"m_position" : 
			[
				-0.25999999046325684,
				0.015999972820281982,
				0.0
			],
			"m_rotation" : 
			[
				0.0,
				-0.0,
				0.00010427392408018932
			],
			"m_scale" : 
			[
				0.25,
				0.25,
				1.0
			]
		}
	},
	{
		"Canvas" : 
		{
			"m_Color" : 
			[
				1.0,
				1.0,
				1.0,
				1.0
			],
			"m_ForceAlpha" : false,
			"m_Ortho" : true,
			"m_SpriteAnimation" : 
			{
				"m_Columns" : 8,
				"m_FrameCounter" : 7.0,
				"m_MaxFrames" : 64,
				"m_Play" : false,
				"m_PlaySpeed" : 1.0,
				"m_Repeat" : false,
				"m_Rows" : 8,
				"m_Tiling" : 
				[
					0.125,
					0.125
				],
				"m_UV_Offset" : 
				[
					0.875,
					0.125
				]
			},
			"m_TexName" : "256_ExportSheet_01.dds"
		},
		"Children" : 0,
		"Name" : 
		{
			"m_Name" : "SFX Bar 3",
			"status" : true
		},
		"Tag" : 
		{
			"m_tag" : "Untagged"
		},
		"Transform" : 
		{
			"m_position" : 
			[
				-0.18500000238418579,
				0.015999972820281982,
				0.0
			],
			"m_rotation" : 
			[
				0.0,
				-0.0,
				0.00010427392408018932
			],
			"m_scale" : 
			[
				0.25,
				0.25,
				1.0
			]
		}
	},
	{
		"Canvas" : 
		{
			"m_Color" : 
			[
				1.0,
				1.0,
				1.0,
				1.0
			],
			"m_ForceAlpha" : false,
			"m_Ortho" : true,
			"m_SpriteAnimation" : 
			{
				"m_Columns" : 8,
				"m_FrameCounter" : 7.0,
				"m_MaxFrames" : 64,
				"m_Play" : false,
				"m_PlaySpeed" : 1.0,
				"m_Repeat" : false,
				"m_Rows" : 8,
				"m_Tiling" : 
				[
					0.125,
					0.125
				],
				"m_UV_Offset" : 
				[
					0.875,
					0.125
				]
			},
			"m_TexName" : "256_ExportSheet_01.dds"
		},
		"Children" : 0,
		"Name" : 
		{
			"m_Name" : "SFX Bar 4",
			"status" : true
		},
		"Tag" : 
		{
			"m_tag" : "Untagged"
		},
		"Transform" : 
		{
			"m_position" : 
			[
				-0.11000001430511475,
				0.015999972820281982,
				0.0
			],
			"m_rotation" : 
			[
				0.0,
				-0.0,
				0.00010427392408018932
			],
			"m_scale" : 
			[
				0.25,
				0.25,
				1.0
			]
		}
	},
	{
		"Canvas" : 
		{
			"m_Color" : 
			[
				1.0,
				1.0,
				1.0,
				1.0
			],
			"m_ForceAlpha" : false,
			"m_Ortho" : true,
			"m_SpriteAnimation" : 
			{
				"m_Columns" : 8,
				"m_FrameCounter" : 7.0,
				"m_MaxFrames" : 64,
				"m_Play" : false,
				"m_PlaySpeed" : 1.0,
				"m_Repeat" : false,
				"m_Rows" : 8,
				"m_Tiling" : 
				[
					0.125,
					0.125
				],
				"m_UV_Offset" : 
				[
					0.875,
					0.125
				]
			},
			"m_TexName" : "256_ExportSheet_01.dds"
		},
		"Children" : 0,
		"Name" : 
		{
			"m_Name" : "SFX Bar 5",
			"status" : true
		},
		"Tag" : 
		{
			"m_tag" : "Untagged"
		},
		"Transform" : 
		{
			"m_position" : 
			[
				-0.040000021457672119,
				0.015999972820281982,
				0.0
			],
			"m_rotation" : 
			[
				0.0,
				-0.0,
				0.00010427392408018932
			],
			"m_scale" : 
			[
				0.25,
				0.25,
				1.0
			]
		}
	},
	{
		"Canvas" : 
		{
			"m_Color" : 
			[
				1.0,
				1.0,
				1.0,
				1.0
			],
			"m_ForceAlpha" : false,
			"m_Ortho" : true,
			"m_SpriteAnimation" : 
			{
				"m_Columns" : 8,
				"m_FrameCounter" : 5.0,
				"m_MaxFrames" : 64,
				"m_Play" : false,
				"m_PlaySpeed" : 1.0,
				"m_Repeat" : false,
				"m_Rows" : 8,
				"m_Tiling" : 
				[
					0.125,
					0.125
				],
				"m_UV_Offset" : 
				[
					0.625,
					0.125
				]
			},
			"m_TexName" : "256_ExportSheet_01.dds"
		},
		"Children" : 0,
		"Name" : 
		{
			"m_Name" : "Left Arrow",
			"status" : true
		},
		"Tag" : 
		{
			"m_tag" : "Untagged"
		},
		"Transform" : 
		{
			"m_position" : 
			[
				-0.02500000037252903,
				0.15000000596046448,
				0.96299999952316284
			],
			"m_rotation" : 
			[
				0.0,
				-0.0,
				0.0
			],
			"m_scale" : 
			[
				0.05000000074505806,
				0.05000000074505806,
				1.0
			]
		}
	},
	{
		"Canvas" : 
		{
			"m_Color" : 
			[
				1.0,
				1.0,
				1.0,
				1.0
			],
			"m_ForceAlpha" : false,
			"m_Ortho" : true,
			"m_SpriteAnimation" : 
			{
				"m_Columns" : 8,
				"m_FrameCounter" : 6.0,
				"m_MaxFrames" : 64,
				"m_Play" : false,
				"m_PlaySpeed" : 1.0,
				"m_Repeat" : false,
				"m_Rows" : 8,
				"m_Tiling" : 
				[
					0.125,
					0.125
				],
				"m_UV_Offset" : 
				[
					0.75,
					0.125
				]
			},
			"m_TexName" : "256_ExportSheet_01.dds"
		},
		"Children" : 0,
		"Name" : 
		{
			"m_Name" : "Right Arrow",
			"status" : true
		},
		"Tag" : 
		{
			"m_tag" : "Untagged"
		},
		"Transform" : 
		{
			"m_position" : 
			[
				0.27500000596046448,
				0.15000000596046448,
				0.96299999952316284
			],
			"m_rotation" : 
			[
				0.0,
				-0.0,
				0.0
			],
			"m_scale" : 
			[
				0.05000000074505806,
				0.05000000074505806,
				1.0
			]
		}
	},
	{
		"Canvas" : 
		{
			"m_Color" : 
			[
				1.0,
				1.0,
				1.0,
				1.0
			],
			"m_ForceAlpha" : false,
			"m_Ortho" : true,
			"m_SpriteAnimation" : 
			{
				"m_Columns" : 8,
				"m_FrameCounter" : 22.0,
				"m_MaxFrames" : 64,
				"m_Play" : false,
				"m_PlaySpeed" : 1.0,
				"m_Repeat" : false,
				"m_Rows" : 8,
				"m_Tiling" : 
				[
					0.125,
					0.125
				],
				"m_UV_Offset" : 
				[
					0.75,
					0.375
				]
			},
			"m_TexName" : "512_ExportSheet_01.dds"
		},
		"Children" : 0,
		"Name" : 
		{
			"m_Name" : "SFX Volume Button Faded",
			"status" : true
		},
		"Tag" : 
		{
			"m_tag" : "Untagged"
		},
		"Transform" : 
		{
			"m_position" : 
			[
				-0.20000000298023224,
				0.0,
				0.96299999952316284
			],
			"m_rotation" : 
			[
				0.0,
				-0.0,
				0.0
			],
			"m_scale" : 
			[
				0.25,
				0.25,
				1.0
			]
		}
	},
	{
		"Canvas" : 
		{
			"m_Color" : 
			[
				1.0,
				1.0,
				1.0,
				1.0
			],
			"m_ForceAlpha" : false,
			"m_Ortho" : true,
			"m_SpriteAnimation" : 
			{
				"m_Columns" : 8,
				"m_FrameCounter" : 18.0,
				"m_MaxFrames" : 64,
				"m_Play" : false,
				"m_PlaySpeed" : 1.0,
				"m_Repeat" : false,
				"m_Rows" : 8,
				"m_Tiling" : 
				[
					0.125,
					0.125
				],
				"m_UV_Offset" : 
				[
					0.25,
					0.375
				]
			},
			"m_TexName" : "512_ExportSheet_01.dds"
		},
		"Children" : 10,
		"Name" : 
		{
			"m_Name" : "VO Bar BG",
			"status" : true
		},
		"Tag" : 
		{
			"m_tag" : "Untagged"
		},
		"Transform" : 
		{
			"m_position" : 
			[
				0.125,
				-0.15000000596046448,
				0.96299999952316284
			],
			"m_rotation" : 
			[
				0.0,
				-0.0,
				0.0
			],
			"m_scale" : 
			[
				0.30000001192092896,
				0.30000001192092896,
				1.0
			]
		}
	},
	{
		"Canvas" : 
		{
			"m_Color" : 
			[
				1.0,
				1.0,
				1.0,
				1.0
			],
			"m_ForceAlpha" : false,
			"m_Ortho" : true,
			"m_SpriteAnimation" : 
			{
				"m_Columns" : 8,
				"m_FrameCounter" : 7.0,
				"m_MaxFrames" : 64,
				"m_Play" : false,
				"m_PlaySpeed" : 1.0,
				"m_Repeat" : false,
				"m_Rows" : 8,
				"m_Tiling" : 
				[
					0.125,
					0.125
				],
				"m_UV_Offset" : 
				[
					0.875,
					0.125
				]
			},
			"m_TexName" : "256_ExportSheet_01.dds"
		},
		"Children" : 0,
		"Name" : 
		{
			"m_Name" : "VO Bar 4",
			"status" : true
		},
		"Tag" : 
		{
			"m_tag" : "Untagged"
		},
		"Transform" : 
		{
			"m_position" : 
			[
				-0.11299999803304672,
				0.015999972820281982,
				0.0
			],
			"m_rotation" : 
			[
				0.0,
				-0.0,
				0.00010427392408018932
			],
			"m_scale" : 
			[
				0.25,
				0.25,
				1.0
			]
		}
	},
	{
		"Canvas" : 
		{
			"m_Color" : 
			[
				1.0,
				1.0,
				1.0,
				1.0
			],
			"m_ForceAlpha" : false,
			"m_Ortho" : true,
			"m_SpriteAnimation" : 
			{
				"m_Columns" : 8,
				"m_FrameCounter" : 7.0,
				"m_MaxFrames" : 64,
				"m_Play" : false,
				"m_PlaySpeed" : 1.0,
				"m_Repeat" : false,
				"m_Rows" : 8,
				"m_Tiling" : 
				[
					0.125,
					0.125
				],
				"m_UV_Offset" : 
				[
					0.875,
					0.125
				]
			},
			"m_TexName" : "256_ExportSheet_01.dds"
		},
		"Children" : 0,
		"Name" : 
		{
			"m_Name" : "VO Bar 5",
			"status" : true
		},
		"Tag" : 
		{
			"m_tag" : "Untagged"
		},
		"Transform" : 
		{
			"m_position" : 
			[
				-0.040000021457672119,
				0.015999972820281982,
				0.0
			],
			"m_rotation" : 
			[
				0.0,
				-0.0,
				0.00010427392408018932
			],
			"m_scale" : 
			[
				0.25,
				0.25,
				1.0
			]
		}
	},
	{
		"Canvas" : 
		{
			"m_Color" : 
			[
				1.0,
				1.0,
				1.0,
				1.0
			],
			"m_ForceAlpha" : false,
			"m_Ortho" : true,
			"m_SpriteAnimation" : 
			{
				"m_Columns" : 8,
				"m_FrameCounter" : 7.0,
				"m_MaxFrames" : 64,
				"m_Play" : false,
				"m_PlaySpeed" : 1.0,
				"m_Repeat" : false,
				"m_Rows" : 8,
				"m_Tiling" : 
				[
					0.125,
					0.125
				],
				"m_UV_Offset" : 
				[
					0.875,
					0.125
				]
			},
			"m_TexName" : "256_ExportSheet_01.dds"
		},
		"Children" : 0,
		"Name" : 
		{
			"m_Name" : "VO Bar 6",
			"status" : true
		},
		"Tag" : 
		{
			"m_tag" : "Untagged"
		},
		"Transform" : 
		{
			"m_position" : 
			[
				0.029999971389770508,
				0.015999972820281982,
				0.0
			],
			"m_rotation" : 
			[
				0.0,
				-0.0,
				0.00010427392408018932
			],
			"m_scale" : 
			[
				0.25,
				0.25,
				1.0
			]
		}
	},
	{
		"Canvas" : 
		{
			"m_Color" : 
			[
				1.0,
				1.0,
				1.0,
				1.0
			],
			"m_ForceAlpha" : false,
			"m_Ortho" : true,
			"m_SpriteAnimation" : 
			{
				"m_Columns" : 8,
				"m_FrameCounter" : 7.0,
				"m_MaxFrames" : 64,
				"m_Play" : false,
				"m_PlaySpeed" : 1.0,
				"m_Repeat" : false,
				"m_Rows" : 8,
				"m_Tiling" : 
				[
					0.125,
					0.125
				],
				"m_UV_Offset" : 
				[
					0.875,
					0.125
				]
			},
			"m_TexName" : "256_ExportSheet_01.dds"
		},
		"Children" : 0,
		"Name" : 
		{
			"m_Name" : "VO Bar 7",
			"status" : true
		},
		"Tag" : 
		{
			"m_tag" : "Untagged"
		},
		"Transform" : 
		{
			"m_position" : 
			[
				0.10000002384185791,
				0.015999972820281982,
				0.0
			],
			"m_rotation" : 
			[
				0.0,
				-0.0,
				0.00010427392408018932
			],
			"m_scale" : 
			[
				0.25,
				0.25,
				1.0
			]
		}
	},
	{
		"Canvas" : 
		{
			"m_Color" : 
			[
				1.0,
				1.0,
				1.0,
				1.0
			],
			"m_ForceAlpha" : false,
			"m_Ortho" : true,
			"m_SpriteAnimation" : 
			{
				"m_Columns" : 8,
				"m_FrameCounter" : 7.0,
				"m_MaxFrames" : 64,
				"m_Play" : false,
				"m_PlaySpeed" : 1.0,
				"m_Repeat" : false,
				"m_Rows" : 8,
				"m_Tiling" : 
				[
					0.125,
					0.125
				],
				"m_UV_Offset" : 
				[
					0.875,
					0.125
				]
			},
			"m_TexName" : "256_ExportSheet_01.dds"
		},
		"Children" : 0,
		"Name" : 
		{
			"m_Name" : "VO Bar 8",
			"status" : true
		},
		"Tag" : 
		{
			"m_tag" : "Untagged"
		},
		"Transform" : 
		{
			"m_position" : 
			[
				0.17000001668930054,
				0.015999972820281982,
				0.0
			],
			"m_rotation" : 
			[
				0.0,
				-0.0,
				0.00010427392408018932
			],
			"m_scale" : 
			[
				0.25,
				0.25,
				1.0
			]
		}
	},
	{
		"Canvas" : 
		{
			"m_Color" : 
			[
				1.0,
				1.0,
				1.0,
				1.0
			],
			"m_ForceAlpha" : false,
			"m_Ortho" : true,
			"m_SpriteAnimation" : 
			{
				"m_Columns" : 8,
				"m_FrameCounter" : 7.0,
				"m_MaxFrames" : 64,
				"m_Play" : false,
				"m_PlaySpeed" : 1.0,
				"m_Repeat" : false,
				"m_Rows" : 8,
				"m_Tiling" : 
				[
					0.125,
					0.125
				],
				"m_UV_Offset" : 
				[
					0.875,
					0.125
				]
			},
			"m_TexName" : "256_ExportSheet_01.dds"
		},
		"Children" : 0,
		"Name" : 
		{
			"m_Name" : "VO Bar 9",
			"status" : true
		},
		"Tag" : 
		{
			"m_tag" : "Untagged"
		},
		"Transform" : 
		{
			"m_position" : 
			[
				0.24000000953674316,
				0.015999972820281982,
				0.0
			],
			"m_rotation" : 
			[
				0.0,
				-0.0,
				0.00010427392408018932
			],
			"m_scale" : 
			[
				0.25,
				0.25,
				1.0
			]
		}
	},
	{
		"Canvas" : 
		{
			"m_Color" : 
			[
				1.0,
				1.0,
				1.0,
				1.0
			],
			"m_ForceAlpha" : false,
			"m_Ortho" : true,
			"m_SpriteAnimation" : 
			{
				"m_Columns" : 8,
				"m_FrameCounter" : 7.0,
				"m_MaxFrames" : 64,
				"m_Play" : false,
				"m_PlaySpeed" : 1.0,
				"m_Repeat" : false,
				"m_Rows" : 8,
				"m_Tiling" : 
				[
					0.125,
					0.125
				],
				"m_UV_Offset" : 
				[
					0.875,
					0.125
				]
			},
			"m_TexName" : "256_ExportSheet_01.dds"
		},
		"Children" : 0,
		"Name" : 
		{
			"m_Name" : "VO Bar 10",
			"status" : true
		},
		"Tag" : 
		{
			"m_tag" : "Untagged"
		},
		"Transform" : 
		{
			"m_position" : 
			[
				0.31000000238418579,
				0.015999972820281982,
				0.0
			],
			"m_rotation" : 
			[
				0.0,
				-0.0,
				0.00010427392408018932
			],
			"m_scale" : 
			[
				0.25,
				0.25,
				1.0
			]
		}
	},
	{
		"Canvas" : 
		{
			"m_Color" : 
			[
				1.0,
				1.0,
				1.0,
				1.0
			],
			"m_ForceAlpha" : false,
			"m_Ortho" : true,
			"m_SpriteAnimation" : 
			{
				"m_Columns" : 8,
				"m_FrameCounter" : 7.0,
				"m_MaxFrames" : 64,
				"m_Play" : false,
				"m_PlaySpeed" : 1.0,
				"m_Repeat" : false,
				"m_Rows" : 8,
				"m_Tiling" : 
				[
					0.125,
					0.125
				],
				"m_UV_Offset" : 
				[
					0.875,
					0.125
				]
			},
			"m_TexName" : "256_ExportSheet_01.dds"
		},
		"Children" : 0,
		"Name" : 
		{
			"m_Name" : "VO Bar 1",
			"status" : true
		},
		"Tag" : 
		{
			"m_tag" : "Untagged"
		},
		"Transform" : 
		{
			"m_position" : 
			[
				-0.33500000834465027,
				0.015999972820281982,
				0.0
			],
			"m_rotation" : 
			[
				0.0,
				-0.0,
				0.00010427392408018932
			],
			"m_scale" : 
			[
				0.25,
				0.25,
				1.0
			]
		}
	},
	{
		"Canvas" : 
		{
			"m_Color" : 
			[
				1.0,
				1.0,
				1.0,
				1.0
			],
			"m_ForceAlpha" : false,
			"m_Ortho" : true,
			"m_SpriteAnimation" : 
			{
				"m_Columns" : 8,
				"m_FrameCounter" : 7.0,
				"m_MaxFrames" : 64,
				"m_Play" : false,
				"m_PlaySpeed" : 1.0,
				"m_Repeat" : false,
				"m_Rows" : 8,
				"m_Tiling" : 
				[
					0.125,
					0.125
				],
				"m_UV_Offset" : 
				[
					0.875,
					0.125
				]
			},
			"m_TexName" : "256_ExportSheet_01.dds"
		},
		"Children" : 0,
		"Name" : 
		{
			"m_Name" : "VO Bar 2",
			"status" : true
		},
		"Tag" : 
		{
			"m_tag" : "Untagged"
		},
		"Transform" : 
		{
			"m_position" : 
			[
				-0.25999999046325684,
				0.015999972820281982,
				0.0
			],
			"m_rotation" : 
			[
				0.0,
				-0.0,
				0.00010427392408018932
			],
			"m_scale" : 
			[
				0.25,
				0.25,
				1.0
			]
		}
	},
	{
		"Canvas" : 
		{
			"m_Color" : 
			[
				1.0,
				1.0,
				1.0,
				1.0
			],
			"m_ForceAlpha" : false,
			"m_Ortho" : true,
			"m_SpriteAnimation" : 
			{
				"m_Columns" : 8,
				"m_FrameCounter" : 7.0,
				"m_MaxFrames" : 64,
				"m_Play" : false,
				"m_PlaySpeed" : 1.0,
				"m_Repeat" : false,
				"m_Rows" : 8,
				"m_Tiling" : 
				[
					0.125,
					0.125
				],
				"m_UV_Offset" : 
				[
					0.875,
					0.125
				]
			},
			"m_TexName" : "256_ExportSheet_01.dds"
		},
		"Children" : 0,
		"Name" : 
		{
			"m_Name" : "VO Bar 3",
			"status" : true
		},
		"Tag" : 
		{
			"m_tag" : "Untagged"
		},
		"Transform" : 
		{
			"m_position" : 
			[
				-0.18500000238418579,
				0.016000000759959221,
				0.0099999997764825821
			],
			"m_rotation" : 
			[
				0.0,
				-0.0,
				0.00010427392408018932
			],
			"m_scale" : 
			[
				0.25,
				0.25,
				1.0
			]
		}
	},
	{
		"Canvas" : 
		{
			"m_Color" : 
			[
				1.0,
				1.0,
				1.0,
				1.0
			],
			"m_ForceAlpha" : false,
			"m_Ortho" : true,
			"m_SpriteAnimation" : 
			{
				"m_Columns" : 4,
				"m_FrameCounter" : 6.0,
				"m_MaxFrames" : 8,
				"m_Play" : false,
				"m_PlaySpeed" : 1.0,
				"m_Repeat" : false,
				"m_Rows" : 4,
				"m_Tiling" : 
				[
					0.25,
					0.25
				],
				"m_UV_Offset" : 
				[
					0.5,
					0.5
				]
			},
			"m_TexName" : "1024_ExportSheet_01.dds"
		},
		"Children" : 0,
		"Name" : 
		{
			"m_Name" : "Controls Text",
			"status" : true
		},
		"Tag" : 
		{
			"m_tag" : "Untagged"
		},
		"Transform" : 
		{
			"m_position" : 
			[
				0.31499999761581421,
				-0.43000000715255737,
				0.99000000953674316
			],
			"m_rotation" : 
			[
				0.0,
				0.0,
				0.0
			],
			"m_scale" : 
			[
				0.5,
				0.5,
				1.0
			]
		}
	},
	{
		"Camera" : 
		{
			"m_Active" : true,
			"m_Far" : 420.0,
			"m_Fov" : 45.0,
			"m_Near" : 0.10000000149011612,
			"m_Pitch" : 0.0,
			"m_Yaw" : 0.0
		},
		"Name" : 
		{
			"m_Name" : "Camera",
			"status" : true
		},
		"Tag" : 
		{
			"m_tag" : "Untagged"
		},
		"Transform" : 
		{
			"m_position" : 
			[
				-6.0079998970031738,
				17.680999755859375,
				67.745002746582031
			],
			"m_rotation" : 
			[
				0.0,
				-0.0,
				0.0
			],
			"m_scale" : 
			[
				0.99999803304672241,
				0.99999910593032837,
				0.99999803304672241
			]
		}
	},
	{
		"Name" : 
		{
			"m_Name" : "Picnic_Table",
			"status" : true
		},
		"Render" : 
		{
			"ColorTint" : 
			[
				1.0,
				1.0,
				1.0
			],
			"EmissiveTint" : 
			[
				1.0,
				1.0,
				1.0
			],
			"RenderModel" : 
			[
				"Picnic_Table",
				"Resources/Models\\Environment",
				"Table"
			],
			"UseLight" : 1
		},
		"Tag" : 
		{
			"m_tag" : "Untagged"
		},
		"Transform" : 
		{
			"m_position" : 
			[
				238.0,
				24.756999969482422,
				1096.02197265625
			],
			"m_rotation" : 
			[
				0.0,
				9.0000019073486328,
				0.0
			],
			"m_scale" : 
			[
				3.9999744892120361,
				4.0,
				3.9999744892120361
			]
		}
	},
	{
		"Children" : 12,
		"Name" : 
		{
			"m_Name" : "pepe",
			"status" : true
		},
		"Tag" : 
		{
			"m_tag" : "Untagged"
		},
		"Transform" : 
		{
			"m_position" : 
			[
				6.0,
				-1.0,
				0.0
			],
			"m_rotation" : 
			[
				0.0,
				11.871169090270996,
				0.0
			],
			"m_scale" : 
			[
				0.99999964237213135,
				1.0,
				0.99999964237213135
			]
		}
	},
	{
		"Children" : 0,
		"Name" : 
		{
			"m_Name" : "Dirt_Bend_01",
			"status" : true
		},
		"Render" : 
		{
			"ColorTint" : 
			[
				1.0,
				1.0,
				1.0
			],
			"EmissiveTint" : 
			[
				1.0,
				1.0,
				1.0
			],
			"RenderModel" : 
			[
				"Dirt_Bend_01",
				"Resources/Models\\Level",
				"Soil_Bend_Type_01"
			],
			"UseLight" : 1
		},
		"Tag" : 
		{
			"m_tag" : "Untagged"
		},
		"Transform" : 
		{
			"m_position" : 
			[
				-91.104530334472656,
				-3.2380819320678711,
				-153.22137451171875
			],
			"m_rotation" : 
			[
				179.99856567382812,
				81.673309326171875,
				179.99856567382812
			],
			"m_scale" : 
			[
				9.9999895095825195,
				1.0,
				9.9999895095825195
			]
		}
	},
	{
		"Children" : 0,
		"Name" : 
		{
			"m_Name" : "Fallen_Tree",
			"status" : true
		},
		"Render" : 
		{
			"ColorTint" : 
			[
				1.0,
				1.0,
				1.0
			],
			"EmissiveTint" : 
			[
				1.0,
				1.0,
				1.0
			],
			"RenderModel" : 
			[
				"Fallen_Tree",
				"Resources/Models\\Environment",
				"Fallen_Tree"
			],
			"UseLight" : 1
		},
		"Tag" : 
		{
			"m_tag" : "Untagged"
		},
		"Transform" : 
		{
			"m_position" : 
			[
				38.78900146484375,
				7.5729999542236328,
				26.517990112304688
			],
			"m_rotation" : 
			[
				172.66200256347656,
				-19.961000442504883,
				-119.26998901367188
			],
			"m_scale" : 
			[
				1.9998769760131836,
				1.9999529123306274,
				1.999782919883728
			]
		}
	},
	{
		"Children" : 0,
		"Name" : 
		{
			"m_Name" : "Dirt_Bend_01",
			"status" : true
		},
		"Render" : 
		{
			"ColorTint" : 
			[
				1.0,
				1.0,
				1.0
			],
			"EmissiveTint" : 
			[
				1.0,
				1.0,
				1.0
			],
			"RenderModel" : 
			[
				"Dirt_Bend_01",
				"Resources/Models\\Level",
				"Soil_Bend_Type_01"
			],
			"UseLight" : 1
		},
		"Tag" : 
		{
			"m_tag" : "Untagged"
		},
		"Transform" : 
		{
			"m_position" : 
			[
				-2.3210008144378662,
				-1.2139763832092285,
				2.9441699981689453
			],
			"m_rotation" : 
			[
				179.99856567382812,
				81.673309326171875,
				179.99856567382812
			],
			"m_scale" : 
			[
				0.9999992847442627,
				1.0,
				0.9999992847442627
			]
		}
	},
	{
		"Children" : 0,
		"Name" : 
		{
			"m_Name" : "Grass_01",
			"status" : true
		},
		"Render" : 
		{
			"ColorTint" : 
			[
				1.0,
				1.0,
				1.0
			],
			"EmissiveTint" : 
			[
				1.0,
				1.0,
				1.0
			],
			"RenderModel" : 
			[
				"Grass_01",
				"Resources/Models\\Environment",
				"Grass_Blade_LOD_008"
			],
			"UseLight" : 1
		},
		"Tag" : 
		{
			"m_tag" : "Untagged"
		},
		"Transform" : 
		{
			"m_position" : 
			[
				-73.491371154785156,
				-3.2827272415161133,
				-72.143104553222656
			],
			"m_rotation" : 
			[
				-176.94384765625,
				30.701019287109375,
				-160.87130737304688
			],
			"m_scale" : 
			[
				1.9999576807022095,
				1.8487858772277832,
				1.9997540712356567
			]
		}
	},
	{
		"Children" : 0,
		"Name" : 
		{
			"m_Name" : "Dirt_Bend_01",
			"status" : true
		},
		"Render" : 
		{
			"ColorTint" : 
			[
				1.0,
				1.0,
				1.0
			],
			"EmissiveTint" : 
			[
				1.0,
				1.0,
				1.0
			],
			"RenderModel" : 
			[
				"Dirt_Bend_01",
				"Resources/Models\\Level",
				"Soil_Bend_Type_01"
			],
			"UseLight" : 1
		},
		"Tag" : 
		{
			"m_tag" : "Untagged"
		},
		"Transform" : 
		{
			"m_position" : 
			[
				-8.2762212753295898,
				-1.2136868238449097,
				-77.080497741699219
			],
			"m_rotation" : 
			[
				179.99856567382812,
				81.673309326171875,
				179.99856567382812
			],
			"m_scale" : 
			[
				0.99999988079071045,
				1.0,
				0.99999988079071045
			]
		}
	},
	{
		"Children" : 0,
		"Name" : 
		{
			"m_Name" : "Grass_02",
			"status" : true
		},
		"Render" : 
		{
			"ColorTint" : 
			[
				1.0,
				1.0,
				1.0
			],
			"EmissiveTint" : 
			[
				1.0,
				1.0,
				1.0
			],
			"RenderModel" : 
			[
				"Grass_02",
				"Resources/Models\\Environment",
				"34"
			],
			"UseLight" : 1
		},
		"Tag" : 
		{
			"m_tag" : "Untagged"
		},
		"Transform" : 
		{
			"m_position" : 
			[
				-47.577774047851562,
				0.17471668124198914,
				-31.327337265014648
			],
			"m_rotation" : 
			[
				45.073062896728516,
				53.101707458496094,
				51.421669006347656
			],
			"m_scale" : 
			[
				2.0000002384185791,
				1.9999903440475464,
				2.0
			]
		}
	},
	{
		"Children" : 0,
		"Name" : 
		{
			"m_Name" : "Grass_02",
			"status" : true
		},
		"Render" : 
		{
			"ColorTint" : 
			[
				1.0,
				1.0,
				1.0
			],
			"EmissiveTint" : 
			[
				1.0,
				1.0,
				1.0
			],
			"RenderModel" : 
			[
				"Grass_02",
				"Resources/Models\\Environment",
				"34"
			],
			"UseLight" : 1
		},
		"Tag" : 
		{
			"m_tag" : "Untagged"
		},
		"Transform" : 
		{
			"m_position" : 
			[
				-16.423133850097656,
				-2.3581933975219727,
				7.8451800346374512
			],
			"m_rotation" : 
			[
				55.620834350585938,
				41.327598571777344,
				65.684829711914062
			],
			"m_scale" : 
			[
				1.2507182359695435,
				2.4999980926513672,
				2.1385159492492676
			]
		}
	},
	{
		"Children" : 0,
		"Name" : 
		{
			"m_Name" : "Grass_02",
			"status" : true
		},
		"Render" : 
		{
			"ColorTint" : 
			[
				1.0,
				1.0,
				1.0
			],
			"EmissiveTint" : 
			[
				1.0,
				1.0,
				1.0
			],
			"RenderModel" : 
			[
				"Grass_02",
				"Resources/Models\\Environment",
				"34"
			],
			"UseLight" : 1
		},
		"Tag" : 
		{
			"m_tag" : "Untagged"
		},
		"Transform" : 
		{
			"m_position" : 
			[
				-7.7950000762939453,
				-7.0440006256103516,
				14.453000068664551
			],
			"m_rotation" : 
			[
				42.620998382568359,
				48.327880859375,
				58.683986663818359
			],
			"m_scale" : 
			[
				1.2507182359695435,
				1.9999979734420776,
				2.1385152339935303
			]
		}
	},
	{
		"Children" : 0,
		"Name" : 
		{
			"m_Name" : "Dirt_Bend_01",
			"status" : true
		},
		"Render" : 
		{
			"ColorTint" : 
			[
				1.0,
				1.0,
				1.0
			],
			"EmissiveTint" : 
			[
				1.0,
				1.0,
				1.0
			],
			"RenderModel" : 
			[
				"Dirt_Bend_01",
				"Resources/Models\\Level",
				"Soil_Bend_Type_01"
			],
			"UseLight" : 1
		},
		"Tag" : 
		{
			"m_tag" : "Untagged"
		},
		"Transform" : 
		{
			"m_position" : 
			[
				-52.806846618652344,
				-1.2136987447738647,
				-70.56298828125
			],
			"m_rotation" : 
			[
				179.99856567382812,
				81.673309326171875,
				179.99856567382812
			],
			"m_scale" : 
			[
				0.99999988079071045,
				1.0,
				0.99999988079071045
			]
		}
	},
	{
		"Children" : 0,
		"Name" : 
		{
			"m_Name" : "Dirt_Bend_01",
			"status" : true
		},
		"Render" : 
		{
			"ColorTint" : 
			[
				1.0,
				1.0,
				1.0
			],
			"EmissiveTint" : 
			[
				1.0,
				1.0,
				1.0
			],
			"RenderModel" : 
			[
				"Dirt_Bend_01",
				"Resources/Models\\Level",
				"Soil_Bend_Type_01"
			],
			"UseLight" : 1
		},
		"Tag" : 
		{
			"m_tag" : "Untagged"
		},
		"Transform" : 
		{
			"m_position" : 
			[
				-32.635124206542969,
				-1.2139847278594971,
				7.380946159362793
			],
			"m_rotation" : 
			[
				179.99856567382812,
				81.673309326171875,
				179.99856567382812
			],
			"m_scale" : 
			[
				0.99999988079071045,
				1.0,
				0.99999988079071045
			]
		}
	},
	{
		"Children" : 0,
		"Name" : 
		{
			"m_Name" : "Dirt_Bend_01",
			"status" : true
		},
		"Render" : 
		{
			"ColorTint" : 
			[
				1.0,
				1.0,
				1.0
			],
			"EmissiveTint" : 
			[
				1.0,
				1.0,
				1.0
			],
			"RenderModel" : 
			[
				"Dirt_Bend_01",
				"Resources/Models\\Level",
				"Soil_Bend_Type_01"
			],
			"UseLight" : 1
		},
		"Tag" : 
		{
			"m_tag" : "Untagged"
		},
		"Transform" : 
		{
			"m_position" : 
			[
				55.614356994628906,
				-1.2139616012573242,
				-5.5352444648742676
			],
			"m_rotation" : 
			[
				179.99856567382812,
				81.673309326171875,
				179.99856567382812
			],
			"m_scale" : 
			[
				0.99999988079071045,
				1.0,
				0.99999988079071045
			]
		}
	},
	{
		"Children" : 0,
		"Name" : 
		{
			"m_Name" : "Dirt_Bend_01",
			"status" : true
		},
		"Render" : 
		{
			"ColorTint" : 
			[
				1.0,
				1.0,
				1.0
			],
			"EmissiveTint" : 
			[
				1.0,
				1.0,
				1.0
			],
			"RenderModel" : 
			[
				"Dirt_Bend_01",
				"Resources/Models\\Level",
				"Soil_Bend_Type_01"
			],
			"UseLight" : 1
		},
		"Tag" : 
		{
			"m_tag" : "Untagged"
		},
		"Transform" : 
		{
			"m_position" : 
			[
				44.022678375244141,
				-1.213672399520874,
				-84.734954833984375
			],
			"m_rotation" : 
			[
				179.99856567382812,
				81.673309326171875,
				179.99856567382812
			],
			"m_scale" : 
			[
				0.99999988079071045,
				1.0,
				0.99999988079071045
			]
		}
	}
]