[
	{
		"AudioSource" : 
		{
			"Clip0" : 
			{
				"Dir" : "Resources/Audio\\secretsound.ogg",
				"UpdatePos" : true,
				"Volume" : 0.10000000149011612
			}
		},
		"Canvas" : 
		{
			"m_Color" : 
			[
				1.0,
				1.0,
				1.0,
				1.0
			],
			"m_Ortho" : true,
			"m_TexName" : "Placeholder_Background.dds"
		},
		"Children" : 3,
		"Name" : 
		{
			"m_Name" : "Background"
		},
		"Rigidbody" : 
		{
			"isKinematic" : false,
			"mass" : 10.0,
			"useGravity" : false
		},
		"Scripting" : 
		{
			"MainMenuController" : false
		},
		"Tag" : 
		{
			"m_tag" : "Untagged"
		},
		"Transform" : 
		{
			"m_position" : 
			[
				0.0,
				0.0,
				-1.0
			],
			"m_rotation" : 
			[
				0.0,
				-0.0,
				0.0
			],
			"m_scale" : 
			[
				2.0,
				1.0,
				1.0
			]
		}
	},
	{
		"Canvas" : 
		{
			"m_Color" : 
			[
				1.0,
				1.0,
				1.0,
				1.0
			],
			"m_Ortho" : true,
			"m_TexName" : "Placeholder_Quit_Button.dds"
		},
		"Children" : 0,
		"Name" : 
		{
			"m_Name" : "Quit Button"
		},
		"Tag" : 
		{
			"m_tag" : "Untagged"
		},
		"Transform" : 
		{
			"m_position" : 
			[
				0.0,
				-0.5,
				-1.0
			],
			"m_rotation" : 
			[
				0.0,
				-0.0,
				0.0
			],
			"m_scale" : 
			[
				0.30000001192092896,
				0.20000001788139343,
				1.0
			]
		}
	},
	{
		"Canvas" : 
		{
			"m_Color" : 
			[
				1.0,
				1.0,
				1.0,
				1.0
			],
			"m_Ortho" : true,
			"m_TexName" : "Placeholder_Arrow.dds"
		},
		"Children" : 0,
		"Name" : 
		{
			"m_Name" : "Arrow"
		},
		"Tag" : 
		{
			"m_tag" : "Untagged"
		},
		"Transform" : 
		{
			"m_position" : 
			[
				-0.16099999845027924,
				0.049000009894371033,
				-1.0
			],
			"m_rotation" : 
			[
				0.0,
				-0.0,
				0.0
			],
			"m_scale" : 
			[
				0.050000004470348358,
				0.075000017881393433,
				1.0
			]
		}
	},
	{
		"Canvas" : 
		{
			"m_Color" : 
			[
				1.0,
				1.0,
				1.0,
				1.0
			],
			"m_Ortho" : true,
			"m_TexName" : "Placeholder_Start_Button.dds"
		},
		"Children" : 0,
		"Name" : 
		{
			"m_Name" : "Start Button"
		},
		"Tag" : 
		{
			"m_tag" : "Untagged"
		},
		"Transform" : 
		{
			"m_position" : 
			[
				0.0,
				0.048759147524833679,
				-1.0
			],
			"m_rotation" : 
			[
				0.0,
				-0.0,
				0.0
			],
			"m_scale" : 
			[
				0.30000001192092896,
				0.20000001788139343,
				1.0
			]
		}
	}
]