[
	{
		"BoxCollider" : 
		{
			"centre" : 
			[
				0.0,
				0.0,
				0.0
			],
			"collisionLayer" : "ENEMY PROJECTILES",
			"extends" : 
			[
				10.0,
				10.0,
				10.0
			],
			"isTrigger" : false
		},
		"Children" : 1,
		"Name" : 
		{
			"m_Name" : "PlayerBox"
		},
		"Rigidbody" : 
		{
			"isKinematic" : false,
			"mass" : 10.0,
			"useGravity" : false
		},
		"Transform" : 
		{
			"m_position" : 
			[
				34.0,
				29.0,
				0.0
			],
			"m_rotation" : 
			[
				0.0,
				-0.0,
				0.0
			],
			"m_scale" : 
			[
				1.0,
				1.0,
				1.0
			]
		}
	},
	{
		"BoxCollider" : 
		{
			"centre" : 
			[
				0.0,
				0.0,
				0.0
			],
			"collisionLayer" : "DEFAULT",
			"extends" : 
			[
				2.0,
				2.0,
				2.0
			],
			"isTrigger" : true
		},
		"Children" : 0,
		"Name" : 
		{
			"m_Name" : "PlayerShip"
		},
		"Render" : 
		{
			"ColorTint" : 
			[
				0.83499997854232788,
				0.92100000381469727,
				0.90499997138977051
			],
			"EmissiveTint" : 
			[
				0.0,
				0.0,
				0.0
			],
			"RenderModel" : 
			[
				"Player_Ship",
				"Resources/Models\\Ship",
				"Player_Ship_Base"
			],
			"UseLight" : 1
		},
		"Rigidbody" : 
		{
			"isKinematic" : false,
			"mass" : 1.0,
			"useGravity" : false
		},
		"Scripting" : 
		{
			"PlayerScript" : false
		},
		"Transform" : 
		{
			"m_position" : 
			[
				0.0,
				0.0,
				0.0
			],
			"m_rotation" : 
			[
				0.0,
				-0.0,
				0.0
			],
			"m_scale" : 
			[
				1.0,
				1.0,
				1.0
			]
		}
	},
	{
		"AudioSource" : 
		{
			"Clip0" : 
			{
				"Dir" : "Resources/Audio\\chineserapperwow.ogg",
				"UpdatePos" : true,
				"Volume" : 1.0
			}
		},
		"Camera" : 
		{
			"m_Active" : true,
			"m_Far" : 450.0,
			"m_Near" : 0.10000000149011612,
			"m_Pitch" : 0.0,
			"m_Yaw" : 90.0,
			"m_Fov" : 45.0
		},
		"Name" : 
		{
			"m_Name" : "PlayerCam"
		},
		"Transform" : 
		{
			"m_position" : 
			[
				33.981189727783203,
				29.021877288818359,
				2.1503362655639648
			],
			"m_rotation" : 
			[
				0.0,
				-0.0,
				0.0
			],
			"m_scale" : 
			[
				1.0,
				1.0,
				1.0
			]
		}
	},
	{
		"Name" : 
		{
			"m_Name" : "pepe"
		},
		"Render" : 
		{
			"ColorTint" : 
			[
				0.83499997854232788,
				0.92100000381469727,
				0.90499997138977051
			],
			"EmissiveTint" : 
			[
				1.0,
				1.0,
				1.0
			],
			"RenderModel" : 
			[
				"CubeTest",
				"Resources/Models\\CubeTest",
				"Box001"
			],
			"UseLight" : 1
		},
		"Transform" : 
		{
			"m_position" : 
			[
				21.61768913269043,
				33.393592834472656,
				31.375213623046875
			],
			"m_rotation" : 
			[
				0.0,
				-0.0,
				0.0
			],
			"m_scale" : 
			[
				20.0,
				19.0,
				1.0
			]
		}
	},
	{
		"Name" : 
		{
			"m_Name" : "pepe"
		},
		"Render" : 
		{
			"ColorTint" : 
			[
				0.83499997854232788,
				0.92100000381469727,
				0.90499997138977051
			],
			"EmissiveTint" : 
			[
				1.0,
				1.0,
				1.0
			],
			"RenderModel" : 
			[
				"CubeTest",
				"Resources/Models\\CubeTest",
				"Box001"
			],
			"UseLight" : 1
		},
		"Transform" : 
		{
			"m_position" : 
			[
				45.0,
				27.0,
				30.0
			],
			"m_rotation" : 
			[
				0.0,
				-0.0,
				0.0
			],
			"m_scale" : 
			[
				17.0,
				27.0,
				1.0
			]
		}
	},
	{
		"BoxCollider" : 
		{
			"centre" : 
			[
				0.0,
				0.0,
				0.0
			],
			"collisionLayer" : "DEFAULT",
			"extends" : 
			[
				1.0,
				1.0,
				1.0
			],
			"isTrigger" : true
		},
		"Name" : 
		{
			"m_Name" : "xxx"
		},
		"Rigidbody" : 
		{
			"isKinematic" : false,
			"mass" : 10.0,
			"useGravity" : false
		},
		"Scripting" : 
		{
			"MoveStuff" : false
		},
		"Transform" : 
		{
			"m_position" : 
			[
				21.6259765625,
				29.0,
				0.0
			],
			"m_rotation" : 
			[
				0.0,
				-0.0,
				0.0
			],
			"m_scale" : 
			[
				1.0,
				1.0,
				1.0
			]
		}
	},
	{
		"BoxCollider" : 
		{
			"centre" : 
			[
				0.0,
				0.0,
				0.0
			],
			"collisionLayer" : "DEFAULT",
			"extends" : 
			[
				1.0,
				1.0,
				1.0
			],
			"isTrigger" : true
		},
		"Name" : 
		{
			"m_Name" : "xxy"
		},
		"Rigidbody" : 
		{
			"isKinematic" : false,
			"mass" : 10.0,
			"useGravity" : false
		},
		"Scripting" : 
		{
			"MoveStuff" : false
		},
		"Transform" : 
		{
			"m_position" : 
			[
				53.233963012695312,
				29.0,
				0.0
			],
			"m_rotation" : 
			[
				0.0,
				-0.0,
				0.0
			],
			"m_scale" : 
			[
				1.0,
				1.0,
				1.0
			]
		}
	},
	{
		"Name" : 
		{
			"m_Name" : "parent"
		},
		"Render" : 
		{
			"ColorTint" : 
			[
				0.83499997854232788,
				0.92100000381469727,
				0.90499997138977051
			],
			"EmissiveTint" : 
			[
				1.0,
				1.0,
				1.0
			],
			"RenderModel" : 
			[
				"Cube",
				"Resources/Models\\cube",
				"Box001"
			],
			"UseLight" : 1
		},
		"Transform" : 
		{
			"m_position" : 
			[
				40.515872955322266,
				35.0,
				0.0
			],
			"m_rotation" : 
			[
				0.0,
				-0.0,
				0.0
			],
			"m_scale" : 
			[
				13.0,
				3.0,
				6.0
			]
		}
	}
]