[
	{
		"Children" : 3,
		"Name" : 
		{
			"m_Name" : "TetherEnemy"
		},
		"Tag" : 
		{
			"m_tag" : "Untagged"
		},
		"Transform" : 
		{
			"m_position" : 
			[
				0.0,
				0.0,
				0.0
			],
			"m_rotation" : 
			[
				0.0,
				0.0,
				0.0
			],
			"m_scale" : 
			[
				0.99994522333145142,
				1.0,
				1.0
			]
		}
	},
	{
		"BoxCollider" : 
		{
			"centre" : 
			[
				0.0,
				0.0,
				0.0
			],
			"collisionLayer" : "DEFAULT",
			"extends" : 
			[
				0.5,
				0.5,
				0.5
			],
			"isStatic" : false,
			"isTrigger" : false
		},
		"Children" : 0,
		"Name" : 
		{
			"m_Name" : "Beam"
		},
		"Render" : 
		{
			"ColorTint" : 
			[
				1.0,
				0.0,
				0.0
			],
			"EmissiveTint" : 
			[
				1.0,
				1.0,
				1.0
			],
			"RenderModel" : 
			[
				"Cube",
				"Resources/Models\\cube",
				"Box001"
			],
			"UseLight" : 1
		},
		"ScriptVariables" : 
		[
			{
				"Data" : -4.0,
				"Name" : "Tether_Min_Height",
				"Type" : 0
			},
			{
				"Data" : 0.41999998688697815,
				"Name" : "Tether_Score_Penalty",
				"Type" : 0
			},
			{
				"Data" : 4.0,
				"Name" : "Tether_Max_Height",
				"Type" : 0
			},
			{
				"Data" : 0.68999999761581421,
				"Name" : "Tether_Speed",
				"Type" : 0
			}
		],
		"Scripting" : 
		{
			"TetherEnemy" : false
		},
		"Tag" : 
		{
			"m_tag" : "Untagged"
		},
		"Transform" : 
		{
			"m_position" : 
			[
				0.0,
				-4.0,
				0.0
			],
			"m_rotation" : 
			[
				0.0,
				-0.0,
				0.0
			],
			"m_scale" : 
			[
				5.0010881423950195,
				1.0,
				1.0
			]
		}
	},
	{
		"BoxCollider" : 
		{
			"centre" : 
			[
				0.0,
				0.0,
				0.0
			],
			"collisionLayer" : "OBSTACLES",
			"extends" : 
			[
				0.5,
				0.5,
				0.5
			],
			"isStatic" : false,
			"isTrigger" : true
		},
		"Children" : 0,
		"Name" : 
		{
			"m_Name" : "Structure"
		},
		"Render" : 
		{
			"ColorTint" : 
			[
				0.83499997854232788,
				0.92100000381469727,
				0.90499997138977051
			],
			"EmissiveTint" : 
			[
				1.0,
				1.0,
				1.0
			],
			"RenderModel" : 
			[
				"Cube",
				"Resources/Models\\cube",
				"Box001"
			],
			"UseLight" : 1
		},
		"Tag" : 
		{
			"m_tag" : "Untagged"
		},
		"Transform" : 
		{
			"m_position" : 
			[
				-3.0,
				0.0,
				0.0
			],
			"m_rotation" : 
			[
				0.0,
				-0.0,
				0.0
			],
			"m_scale" : 
			[
				1.0,
				9.0,
				1.0
			]
		}
	},
	{
		"BoxCollider" : 
		{
			"centre" : 
			[
				0.0,
				0.0,
				0.0
			],
			"collisionLayer" : "OBSTACLES",
			"extends" : 
			[
				0.5,
				0.5,
				0.5
			],
			"isStatic" : false,
			"isTrigger" : true
		},
		"Children" : 0,
		"Name" : 
		{
			"m_Name" : "Structure"
		},
		"Render" : 
		{
			"ColorTint" : 
			[
				0.83499997854232788,
				0.92100000381469727,
				0.90499997138977051
			],
			"EmissiveTint" : 
			[
				1.0,
				1.0,
				1.0
			],
			"RenderModel" : 
			[
				"Cube",
				"Resources/Models\\cube",
				"Box001"
			],
			"UseLight" : 1
		},
		"Tag" : 
		{
			"m_tag" : "Untagged"
		},
		"Transform" : 
		{
			"m_position" : 
			[
				3.0,
				0.0,
				0.0
			],
			"m_rotation" : 
			[
				0.0,
				-0.0,
				0.0
			],
			"m_scale" : 
			[
				1.0,
				9.0,
				1.0
			]
		}
	},
	{
		"AudioSource" : 
		{
			"Clip0" : 
			{
				"Dir" : "Resources/Audio\\Enemy\\Enemy_Hit.ogg",
				"UpdatePos" : true,
				"Volume" : 0.49799999594688416
			},
			"Clip1" : 
			{
				"Dir" : "Resources/Audio\\Enemy\\Explosion_SFX.ogg",
				"UpdatePos" : true,
				"Volume" : 0.49799999594688416
			},
			"Clip2" : 
			{
				"Dir" : "Resources/Audio\\Enemy\\Enemy_ShootBullet1.ogg",
				"UpdatePos" : true,
				"Volume" : 0.49799999594688416
			}
		},
		"BoxCollider" : 
		{
			"centre" : 
			[
				0.0,
				0.20000000298023224,
				0.0
			],
			"collisionLayer" : "ENEMY",
			"extends" : 
			[
				2.0,
				2.0,
				2.0
			],
			"isStatic" : false,
			"isTrigger" : true
		},
		"Children" : 1,
		"Name" : 
		{
			"m_Name" : "Enemy_Turret_Basic"
		},
		"PrefabInstance" : 
		{
			"prefab_GUID" : "c403cb16-3a52-4dd1-8783-c880849df478",
			"prefab_path" : "Resources\\Prefabs\\Enemy_Turret.prefab"
		},
		"Render" : 
		{
			"ColorTint" : 
			[
				1.0,
				1.0,
				1.0
			],
			"EmissiveTint" : 
			[
				1.0,
				1.0,
				1.0
			],
			"RenderModel" : 
			[
				"Enemy_Turret_Basic",
				"Resources/Models\\Enemy",
				"Turret_Basic_Root"
			],
			"UseLight" : 1
		},
		"Rigidbody" : 
		{
			"isKinematic" : false,
			"mass" : 10.0,
			"useGravity" : false
		},
		"Scripting" : 
		{
			"BaseTurret" : false
		},
		"Tag" : 
		{
			"m_tag" : "Targetable"
		},
		"Transform" : 
		{
			"m_position" : 
			[
				0.0,
				0.0,
				0.0
			],
			"m_rotation" : 
			[
				0.0,
				-0.0,
				0.0
			],
			"m_scale" : 
			[
				0.20000000298023224,
				0.20000000298023224,
				0.20000000298023224
			]
		}
	},
	{
		"Children" : 2,
		"Name" : 
		{
			"m_Name" : "Pivot_Object"
		},
		"Render" : 
		{
			"ColorTint" : 
			[
				1.0,
				1.0,
				1.0
			],
			"EmissiveTint" : 
			[
				1.0,
				1.0,
				1.0
			],
			"RenderModel" : 
			[
				"Enemy_Turret_Basic",
				"Resources/Models\\Enemy",
				"Pivot_Object"
			],
			"UseLight" : 1
		},
		"Tag" : 
		{
			"m_tag" : "Untagged"
		},
		"Transform" : 
		{
			"m_position" : 
			[
				0.0,
				0.0,
				0.0
			],
			"m_rotation" : 
			[
				0.0,
				-0.0,
				0.0
			],
			"m_scale" : 
			[
				1.0000002384185791,
				1.0,
				1.0000002384185791
			]
		}
	},
	{
		"Children" : 1,
		"Name" : 
		{
			"m_Name" : "Alien_Body"
		},
		"Render" : 
		{
			"ColorTint" : 
			[
				1.0,
				1.0,
				1.0
			],
			"EmissiveTint" : 
			[
				1.0,
				1.0,
				1.0
			],
			"RenderModel" : 
			[
				"Enemy_Turret_Basic",
				"Resources/Models\\Enemy",
				"Alien_Body"
			],
			"UseLight" : 1
		},
		"Tag" : 
		{
			"m_tag" : "Untagged"
		},
		"Transform" : 
		{
			"m_position" : 
			[
				-6.7055225372314453e-08,
				1.2858502864837646,
				-2.2351741790771484e-07
			],
			"m_rotation" : 
			[
				0.0,
				-0.0,
				0.0
			],
			"m_scale" : 
			[
				1.0,
				1.0,
				1.0
			]
		}
	},
	{
		"Children" : 0,
		"Name" : 
		{
			"m_Name" : "Alien_Arms001"
		},
		"Render" : 
		{
			"ColorTint" : 
			[
				1.0,
				1.0,
				1.0
			],
			"EmissiveTint" : 
			[
				1.0,
				1.0,
				1.0
			],
			"RenderModel" : 
			[
				"Enemy_Turret_Basic",
				"Resources/Models\\Enemy",
				"Alien_Arms001"
			],
			"UseLight" : 1
		},
		"Tag" : 
		{
			"m_tag" : "Untagged"
		},
		"Transform" : 
		{
			"m_position" : 
			[
				0.36219784617424011,
				0.61119914054870605,
				0.1965106725692749
			],
			"m_rotation" : 
			[
				0.0,
				0.0,
				0.0
			],
			"m_scale" : 
			[
				1.0,
				1.0,
				1.0
			]
		}
	},
	{
		"Children" : 1,
		"Name" : 
		{
			"m_Name" : "Turret_Gun"
		},
		"Render" : 
		{
			"ColorTint" : 
			[
				1.0,
				1.0,
				1.0
			],
			"EmissiveTint" : 
			[
				1.0,
				1.0,
				1.0
			],
			"RenderModel" : 
			[
				"Enemy_Turret_Basic",
				"Resources/Models\\Enemy",
				"Turret_Gun"
			],
			"UseLight" : 1
		},
		"Tag" : 
		{
			"m_tag" : "Untagged"
		},
		"Transform" : 
		{
			"m_position" : 
			[
				1.3411045074462891e-07,
				1.2778388261795044,
				1.2059001922607422
			],
			"m_rotation" : 
			[
				5.0089556680177338e-06,
				-0.0,
				5.0089201977243647e-06
			],
			"m_scale" : 
			[
				1.0000008344650269,
				0.99999994039535522,
				1.0000008344650269
			]
		}
	},
	{
		"Children" : 0,
		"Name" : 
		{
			"m_Name" : "Turret_Muzzle"
		},
		"Render" : 
		{
			"ColorTint" : 
			[
				1.0,
				1.0,
				1.0
			],
			"EmissiveTint" : 
			[
				1.0,
				1.0,
				1.0
			],
			"RenderModel" : 
			[
				"Enemy_Turret_Basic",
				"Resources/Models\\Enemy",
				"Turret_Muzzle"
			],
			"UseLight" : 1
		},
		"Tag" : 
		{
			"m_tag" : "Untagged"
		},
		"Transform" : 
		{
			"m_position" : 
			[
				0.0,
				0.45408058166503906,
				1.0765725374221802
			],
			"m_rotation" : 
			[
				0.0,
				-0.0,
				0.0
			],
			"m_scale" : 
			[
				1.0,
				1.0,
				1.0
			]
		}
	}
]